ts,interval_sec,TP9_alpha,AF7_alpha,AF8_alpha,TP10_alpha,TP9_beta,AF7_beta,AF8_beta,TP10_beta,alpha_mean,beta_mean,ratio,state
10:30:34,0.2,1341794.5289939546,0.0,1254.5663542245632,490484.4431021157,338308.80238703015,0.0,668.6565057126019,172904.03236732402,458383.3846125737,127970.37281501669,0.2791775991688212,RELAX
10:30:34,0.2,723842.7600904044,0.0,13780.616873043156,1981506.8467920593,699676.8016958256,0.0,6678.728142322096,164321.50052951794,679782.5559388767,217669.25759191642,0.320204241327264,RELAX
10:30:35,0.2,2171902.6081386716,0.0,8223.663583545549,3305064.8499468043,250833.3779404729,0.0,2300.23612453739,1059805.9344388277,1371297.7804172554,328234.8871259595,0.23936076599357212,RELAX
10:30:35,0.2,791797.9614836597,0.0,1840.088648923522,3696362.950801915,205321.40587790907,0.0,1931.813419577592,193805.79636695,1122500.2502336246,100264.75391610916,0.08932270072567126,RELAX
10:30:35,0.2,1502282.9000541703,0.0,1122.0173745565876,1590739.4368884417,1066938.55519378,0.0,2428.957870644143,299642.1845754853,773536.0885792922,342252.42440997734,0.44245178662390794,RELAX
10:30:35,0.2,1895284.5902161968,463.84970643681265,38030.25463044836,5678691.868164764,588510.2410844419,143.38929971948141,7610.722980050909,426932.24920532806,1903117.6406794614,255799.1506423851,0.13441058249612897,RELAX
10:30:36,0.2,149017.07571311554,0.01640891274238972,2727.791838663557,751719.5779676323,100470.38574377792,0.014092587085507641,2130.373157159411,237338.0296085129,225866.11548208105,84984.70065050933,0.37626139923255353,RELAX
10:30:36,0.2,133566.49964336262,17545.71356715846,7665.933902242039,112887.13586460876,107655.63735879232,7390.415254868441,5751.489254159432,86340.28906430253,67916.32074434297,51784.45773303068,0.7624744268459804,BALANCED
10:30:36,0.2,1187102.287096805,9485.244978226609,26808.57577021434,1006451.7746316855,448760.22467098245,10354.403208724032,7253.871783963154,285924.0344054492,557461.9706192329,188073.1335172797,0.3373739258094443,RELAX
10:30:36,0.2,1207795.3936040844,3646.2387388214524,7173.353682821846,936431.7588687235,692136.4205632141,1549.5832216525496,6329.852081447615,434631.8873779963,538761.6862236127,283661.93581107765,0.5265072536975911,RELAX
10:30:36,0.2,1621040.4178623005,49.80772602407273,8883.67544677588,3481459.271120166,257372.776809916,38.60495358404573,4964.035780558105,749087.6119874436,1277858.2930388167,252865.75738287545,0.1978824716014065,RELAX
10:30:37,0.2,311331.65677351924,0.33061218901915834,9664.064112578872,754526.4158358495,1306499.3776415337,0.2836925272212361,6930.076325609177,314505.81580195203,268880.61683353415,406983.88836540555,1.513623009193601,FOCUS
10:30:37,0.2,1695356.3498316382,34.025778331632964,6401.9891283672405,1128852.8575722896,74015.0268003248,152.52482697500702,1909.9933351997631,357604.5994599478,707661.3055776567,108420.53610561184,0.15320964315988603,RELAX
10:30:37,0.2,1620795.924679294,78529.71347519252,9086.530242834253,1864623.9966551934,673325.3281916168,12153.881915349835,5843.614349521635,426822.5547475393,893259.0412631285,279536.3448010069,0.3129398437498306,RELAX
10:30:37,0.2,815307.9074282221,20417.071004378362,19202.77635608941,2491222.5121302176,325450.8368706395,2634.8607718839744,4147.304066040412,379880.1394840618,836537.5667297269,178028.28529815644,0.21281564914546724,RELAX
10:30:37,0.2,90458.54085513513,5943.744881774397,3235.1224758787075,446212.9281131153,268162.8755645033,6733.125886074129,1382.0476252952521,153027.89274888835,136462.58408147588,107326.48545619026,0.7864902030003351,BALANCED
10:30:38,0.2,381507.13223894296,1948.2800281762484,5730.036399816785,748608.39501961,250656.34734414823,1342.1194375495345,771.4515997257736,165267.16334195025,284448.4609216365,104509.27043084345,0.3674102158690709,RELAX
10:30:38,0.2,3447767.6004392095,6847.22536831304,1009.1029472141022,732266.0823469562,303467.11749048537,26386.949706924177,1035.2707535675179,163593.34322761296,1046972.5027754232,123620.67029464751,0.1180744193060859,RELAX
10:30:38,0.2,2545108.146580595,5205.957593888825,3691.6620132165244,2110459.771368721,202324.09097213403,14227.886741929671,1085.9171809915044,236465.4247957885,1166116.3843891053,113525.82992271092,0.09735377312461298,RELAX
10:30:38,0.2,1513357.228970378,99838.31719512344,4268.939278340334,1858744.0888556908,298428.5421318675,13874.213059166577,2252.870471458817,401810.5858992361,869052.1435748832,179091.55289043224,0.20607687837202893,RELAX
10:30:38,0.2,2641871.8319087853,95724.35985780384,15469.52554109218,2744957.845959191,262630.56595709414,18402.443876734676,2002.6108778622647,273882.5313738621,1374505.890816718,139229.5380213883,0.10129424613717694,RELAX
10:30:39,0.2,5922294.797640994,103506.85601869725,5903.1693846839225,1550669.7522473503,414768.32175464527,20487.975057376952,428.8350751648852,360258.4079862653,1895593.6438229312,198985.8849683631,0.10497285935558376,RELAX
10:30:39,0.2,1794620.4718652589,8447.225074779484,10191.842130790597,2620097.5170109756,434195.1635816942,16805.340628038466,6683.557930599504,283500.3525916424,1108339.264020451,185296.10368299362,0.1671835598522787,RELAX
10:30:39,0.2,3707706.06587895,114602.67641741813,9869.429465399116,889284.8255835527,415884.2703531617,42045.98061491799,3975.7567795756368,1146152.9186637017,1180365.74933633,402014.73160283925,0.3405848838200153,RELAX
10:30:39,0.2,0.25312495721785494,26365.31622978881,4014.8359213206263,4358298.025171143,0.21720209115377098,19335.31677008418,1552.0955407174768,551836.2459521182,1097169.6076118024,143180.96886625275,0.13050030539755222,RELAX
10:30:39,0.2,2593930.4654634614,354028.2044413568,25827.772867644344,802733.2592271554,232140.6693212207,44475.15601162374,2974.1280644770723,412105.36695648654,944129.9254999044,172923.830088452,0.18315681498697448,RELAX
10:30:40,0.2,620595.4314690006,51214.82835580785,6568.425415667768,1879617.593792953,225895.12637916478,22536.62206798115,1114.6648285147467,89177.6058410328,639499.0697583574,84681.00477917337,0.13241771377583259,RELAX
10:30:40,0.2,782588.6933137478,3544.866055961906,490.12135682741683,460820.8607779074,309724.41593590577,30351.96293385363,1522.4412879929016,158491.13663572993,311861.13537611114,125022.48919837056,0.4008915347774604,RELAX
10:30:40,0.2,230418.96459512072,54425.70242381702,4168.4421514402775,887015.9168046964,320123.2764151757,10173.143280656781,1136.6293867038316,307643.4388588914,294007.2564937686,159769.1219853569,0.5434189750644579,RELAX
10:30:40,0.2,1250712.20302138,536089.4657950148,79747.93700514622,1203104.5774999824,375251.6797462268,276372.38924446335,45578.040958556805,986524.9524042805,767413.5458303809,420931.7655883819,0.5485070831436942,RELAX
10:30:41,0.2,906603.6265371584,544756.5043611374,50633.65936843972,2693711.3120262073,349442.1870760349,174346.84598853602,7092.189411638261,294252.7266895505,1048926.2755732357,206283.4872914399,0.19666156916386376,RELAX
10:30:41,0.2,1189972.7105803527,1398110.699988984,2529757.8712417884,2078492.1383494975,377121.9248208567,361368.6225447007,2213549.921906737,408216.58458624844,1799083.3550401558,840064.2634646357,0.46694015655871896,RELAX
10:30:41,0.2,8001637.517476517,3317623.513736089,15.726861149948691,894042.2525914846,890115.4467373515,384522.7359071648,15.390583791881326,1158456.2595980174,3053329.75266631,608277.4582065814,0.19921774177040824,RELAX
10:30:41,0.2,729483.3363087586,2427749.809109863,974681.7215646286,981390.0478571323,327570.32512012246,492867.8683190938,377604.2212944634,363747.64582463936,1278326.2287100956,390447.5151395797,0.3054365203267116,RELAX
10:30:41,0.2,0.012996296509135807,992412.0852569547,0.0,0.002937479841132381,0.009767521333179771,401720.3127155958,0.0,0.004124248095513446,248103.02529768276,100430.08165184132,0.404791846174958,RELAX
10:30:42,0.2,0.17099014752630168,4014770.9720362355,10443000.587987686,1846826.99314133,0.029067569311892832,857343.0137547684,1417430.0562151268,283826.7702603909,4076149.68103885,639649.9673244639,0.1569250438225915,RELAX
10:30:42,0.2,0.009139555062603283,1468777.105401642,876188.536425728,1141004.1761567218,0.02490730056695722,469354.88430231693,359680.93399686547,367046.80988420866,871492.4567809117,299020.6632726729,0.3431133120499803,RELAX
10:30:42,0.2,105630.86984432035,1308172.5176726233,0.005783278925165493,1655272.264706935,86449.09897260083,455742.4946739291,0.018245953538363488,1079666.6896473088,767268.9145017895,405464.57538494805,0.5284517171508614,RELAX
10:30:42,0.2,1524167.8666806533,0.0,1348589.2875913393,3758204.5156945516,1283568.8998438183,0.0,522801.4428343488,752253.2336400308,1657740.4174916362,639655.8940795495,0.38586010652224245,RELAX
10:30:42,0.2,0.012855026466855896,0.0,1131576.3241261148,1158791.1793501247,0.01209202965786073,0.0,190617.02189825245,255833.77164063128,572591.8790828164,111612.70140772834,0.19492540059511623,RELAX
10:30:43,0.2,1863477.2700476786,4019425.5907908496,837550.22175097,1375198.035564764,963654.7651477,1066316.0776013962,439758.46117887617,333653.71165017504,2023912.7795385658,700845.7538945369,0.34628258736244727,RELAX
10:30:43,0.2,341157.8523965503,6517436.260757899,3962232.1825305405,0.0,1026458.1034436328,629048.9624976994,712270.07626731,0.0,2705206.5739212474,591944.2855521606,0.21881666681525408,RELAX
10:30:43,0.2,3744216.251596666,98846.58288345007,218601.68998121537,2393370.727094788,814371.0376346357,72355.48018607641,1334318.2239610332,640759.0345752483,1613758.8128890297,715450.9440892483,0.4433444070916726,RELAX
10:30:43,0.2,982063.2877494236,701689.6878770079,907703.0055096865,772974.1102825054,277969.54525578226,265591.0131893446,224808.07315403083,1837231.0748380132,841107.5228546559,651399.9266092927,0.7744549999963027,BALANCED
10:30:43,0.2,0.00866425009835907,12.137445555125588,0.05872299962445439,717619.1014051626,0.03943601329181707,11.184522682194524,0.07434437389085435,301323.9088155398,179407.82655949186,75333.80177965229,0.41990253839160974,RELAX
10:30:44,0.2,2541834.395264762,199215.76903538173,0.02866645302846944,2436976.345275006,220538.76477344587,156941.4697417502,0.008069888885607874,825100.6302636178,1294506.6345604006,300645.2182121757,0.23224695044863275,RELAX
10:30:44,0.2,800935.7583842804,605097.7978132758,1203006.3763494329,1000661.5210279227,299294.3475093155,114468.726162219,167445.12406844765,389285.3427869135,902425.3633937279,242623.38513172392,0.2688570102011499,RELAX
10:30:44,0.2,7015962.142557612,3978586.414482465,2772919.756332235,0.053123283614129484,366328.63663268794,1197276.9442893222,655212.4944677261,0.05135093318101016,3441867.091623899,554704.5316851673,0.1611638441923257,RELAX
10:30:44,0.2,1857582.4446413023,1452383.4956229846,4379716.505288762,793625.2481144455,282344.9186973107,397914.55061231606,1084078.274037311,350914.55459695606,2120826.923416874,528813.0744859735,0.24934287123911097,RELAX
10:30:45,0.2,3078209.8342685653,499507.6954392318,1049031.3887324114,2748771.2207564856,816960.2516853794,258011.14961590784,267507.88240935234,328379.9268569731,1843880.0347991735,417714.80264190317,0.22654120374344128,RELAX
10:30:45,0.2,4395939.24041717,4426226.543906762,7501049.764678526,12228045.053884635,981137.6916327922,973937.0445041432,886333.4382736562,386499.5916825619,7137815.1507217735,806976.9415232884,0.11305657606469217,RELAX
10:30:45,0.2,76720.91444995334,39.775634788598744,0.05761556756468618,0.009204098075631556,697960.8442370198,29.20737736726222,0.03879388828670646,0.0206160271563972,19190.1892261019,174497.52775607564,9.093059255441291,FOCUS
10:30:45,0.2,1850530.4754214394,171286.19097162626,0.011287790472128816,0.040976442520838464,829474.7453605068,277093.97598483326,0.06149287807841749,0.09442405971964922,505454.1796643247,276642.21931556944,0.5473141393336372,RELAX
10:30:45,0.2,300339.533815489,212473.8450893531,2293904.240040875,1620687.4916280126,228233.02961982405,97370.69178039925,445269.6609761576,334806.8742546217,1106851.2776434324,276420.0641577507,0.24973550624278024,RELAX
10:30:46,0.2,1120890.9284094798,8855926.632630965,2166975.186129785,954489.7047207343,174616.8774331395,1070499.265660785,435883.9123463095,248794.40606697302,3274570.6129727405,482448.61537680175,0.14733187107509718,RELAX
10:30:46,0.2,0.017990281600931777,0.03599937453796975,0.008723412467978557,1315743.785390257,0.010171090672389015,0.06325257024858566,0.009767533287088884,312866.5175323409,328935.9620258314,78216.65018088378,0.23778686191429993,RELAX
10:30:46,0.2,719475.0730941077,0.6448534362092551,0.010274413470842382,855167.994530924,227475.63129766085,0.2311115863146395,0.015450438323377341,301224.25962175627,393660.9306882203,132175.03437036043,0.3357585781735682,RELAX
10:30:46,0.2,2395692.4427001774,959550.583316028,1665850.0668389765,2002701.6081524126,337876.1164219352,314867.2952632488,333783.10407860205,950968.5814389588,1755948.6752518986,484373.7743006862,0.2758473417403277,RELAX
10:30:46,0.2,1060751.9672547686,337001.0153729461,1176486.0245363424,1498118.3009377192,171910.77512708685,295407.05712398386,681531.04568083,436877.3483797524,1018089.3270254441,396431.5565779133,0.38938779344261376,RELAX
10:30:47,0.2,1296741.536168504,4732970.324904786,3759674.0027480107,815912.2497008105,359277.8781533178,1956779.6854181576,1166206.5017062102,375498.58173454955,2651324.528380528,964440.6617530588,0.36375805806849104,RELAX
10:30:47,0.2,752705.9441131456,1097724.4810969268,2036939.6993390892,79018.41208194138,293970.66990680026,163925.75170093283,386557.83936269215,51164.7107626764,991597.1341577758,223904.74293327544,0.22580212792108506,RELAX
10:30:47,0.2,682218.8420925179,6081.612895594512,28665.204350961663,703978.5400089519,545497.6886392478,2130.5500535827778,4992.601472537346,2016255.378195176,355236.0498370065,642219.0545901359,1.807865656891541,FOCUS
10:30:47,0.2,0.09047179068415598,21193.88633264871,181679.21577045624,1279657.666580761,0.05875847411941493,10210.258777254645,54801.03680514715,550229.8879913081,370632.7147889142,153810.310583046,0.4149938859839864,RELAX
10:30:48,0.2,0.039359467087306074,10966.654669229782,7500.979719027631,653167.3300222255,0.015389084585399448,486.29357567033804,1751.4827574761955,236035.76357173678,167908.7509424875,59568.38882349197,0.3547664340847576,RELAX
10:30:48,0.2,0.03699770265113924,6235.8726851314195,3193.4866193631397,143121.22816618293,0.04065548998753237,2749.411228814995,679.6620549868472,130837.34874793272,38137.65611709504,33566.61567180614,0.8801436451350257,BALANCED
10:30:48,0.2,147234.953897037,19439.068956262847,25984.342192938922,257662.46604506415,2496.16312608143,1615.6468135161792,3643.071389548128,62456.81089601741,112580.20777282573,17552.923056290787,0.1559148220059304,RELAX
10:30:48,0.2,4771.914443860762,4634.826666511149,2451.3156782526835,138925.8229928754,6766.095012787755,747.0265462947809,2594.767537805872,30071.761532421937,37695.96994537499,10044.912657327586,0.26647179186219666,RELAX
10:30:48,0.2,1966.6018433410197,1244.9247112246214,8091.774681696667,74765.63081909083,136.60904151422994,81.45090366777835,388.4535872523874,28557.760915111165,21517.233013838286,7291.0686118863905,0.33884787171274844,RELAX
10:30:49,0.2,38459.65182092726,2086.336904583333,87.00842356010945,0.01572768130439151,6804.489268688344,904.0495876286459,1309.6402999183704,0.0172425625473599,10158.253219188002,2254.549099699477,0.22194259692609772,RELAX
10:30:49,0.2,2486.602111641577,171.17309156140607,968.2340855230347,8112.908273685655,910.9076213888574,1072.6267031075647,167.05144194240992,5349.165163836702,2934.729390602918,1874.9377325688833,0.6388792570015089,RELAX
10:30:49,0.2,2892.3721876239347,2617.1741502778045,6243.402457436347,34769.70533885358,2140.0160029438507,1971.1332084537453,5964.6303869176345,6103.988714926222,11630.663533547915,4044.9420783103633,0.34778257204698454,RELAX
10:30:49,0.2,53866.406351531456,3414.3425303107956,8188.434761390023,41673.81856526592,3019.437842067759,1434.5798086459463,1185.9907643574795,37848.58265051261,26785.750552124548,10872.147766395949,0.4058929670549631,RELAX
10:30:49,0.2,7862.778483668202,120.2867591007054,4987.023213328779,21001.54334586074,963.4452248741862,392.82533252229337,544.2556713589669,4370.360801757309,8492.907950489607,1567.7217576281887,0.18459186968319977,RELAX
10:30:50,0.2,3015.5241578707246,81.18924867936657,2871.5218811995023,7949.339891402086,3230.027427836265,655.1548830139274,468.05316661539956,6180.415763427515,3479.3937947879203,2633.4128102232767,0.7568596616364867,BALANCED
10:30:50,0.2,12082.62629778205,1031.4877611636118,61.41879075662275,42004.63703949388,1502.7051323251846,74.35280781946959,438.5316524821198,10979.090386269767,13795.042472299041,3248.669994724135,0.23549546884307063,RELAX
10:30:50,0.2,411.81727110215877,203.31521789855972,1232.184440295597,22460.39638441909,15913.77799641773,557.5873695341494,490.09826992026007,54376.376386973505,6076.928328428851,17834.46000571141,2.934782021745909,FOCUS
10:30:50,0.2,6424.735520387728,937.7986627012349,194.38135611331256,17828.318456431367,2867.3016859241216,235.34783028617505,547.8262931857231,19800.944951430578,6346.308498908411,5862.855190206649,0.92382133506669,BALANCED
10:30:50,0.2,3972.295269075562,63.46148202614956,921.3975999444244,196750.71313967658,872.3052146894473,169.98583298058114,421.57895392436166,21190.975543294728,50426.96687268068,5663.7113862222795,0.11231513092036977,RELAX
10:30:51,0.2,28127.431693166567,130.88946020575986,343.3986954522513,350123.13040784764,3848.325392419513,175.44971881465813,267.5621866894126,6133.825008019466,94681.21256416806,2606.2905764857624,0.02752700885320208,RELAX
10:30:51,0.2,36038.22639872566,1243.079816261174,3273.817525087479,189958.880898655,5596.666542540091,501.01675788849883,844.0113340344205,28538.427569295698,57628.50115968233,8870.030550939677,0.15391742579529846,RELAX
10:30:51,0.2,7203.974824126867,476.89819724814595,6201.20008874543,15499.458084082478,1451.3865106271376,251.03792101839164,80.86631140840667,14214.78580696268,7345.3827985507305,3999.519137504154,0.5444943098531602,RELAX
10:30:51,0.2,257.8712156984726,815.858148650958,2102.709793905941,47671.12170768089,3304.632732332228,101.95684747529656,243.34576452641593,5145.275012323701,12711.890216484066,2198.80258916441,0.17297211915133803,RELAX
10:30:51,0.2,963.0666678060155,1291.462926206443,778.123328403467,1594.3863864713105,750.7163441891527,255.55765839789953,891.8920379711008,12246.711197145056,1156.759827221809,3536.2193094258023,3.0570039053990516,FOCUS
10:30:52,0.2,4759.422811754411,428.1360789901132,6049.3233560289855,8655.730206513368,811.0928016838149,1008.9503898752845,1051.1992456473683,1849.8080499919204,4973.1531133217195,1180.2626217995971,0.23732682161705332,RELAX
10:30:52,0.2,761.9013467076908,488.52324624704505,1923.1027678024338,1635.1594917578361,1402.357546924113,293.14382947754274,242.0790508833753,4891.938791708252,1202.1717131287514,1707.3798047483208,1.4202461978619705,FOCUS
10:30:52,0.2,5858.8217949411655,242.76490762060521,1098.019443669185,247.7363894382401,1288.336932281528,575.7033491990904,147.78357266924073,18055.467946079843,1861.8356339172988,5016.822950057425,2.694557381256067,FOCUS
10:30:52,0.2,4454.832205180893,1300.1857067319884,3718.169000150972,366.1818240587247,1991.6232452341537,80.3172257710746,310.18231391082077,1742.9378505855059,2459.8421840306446,1031.2651588753886,0.4192403746754109,RELAX
10:30:53,0.2,6311.76232585924,6190.728390470435,1219.9751939392615,7065.160607216044,1486.6701652334311,432.7212880492359,711.5985348834214,3702.2623561982073,5196.906629371245,1583.313086091074,0.30466452430426544,RELAX
10:30:53,0.2,860.2920976506614,3122.4543559159506,3247.7903919416312,4998.241417836379,804.6146672965027,268.4647680884354,757.6343419010194,1948.5458915010042,3057.1945658361556,944.8149171967405,0.30904638120025235,RELAX
10:30:53,0.2,2179.2502474078624,185.0347366594752,155.71040380058986,1771.7694403083299,648.05172584067,163.20555127574357,311.08859269061355,6850.789116500666,1072.9412070440644,1993.2837465769232,1.8577753687626442,FOCUS
10:30:53,0.2,1313.4777669508187,1112.1667718626197,1541.1960274721037,7905.667365496287,2272.421020043358,437.332958950233,382.5443585455201,3509.6795229601353,2968.1269829454573,1650.4944651248115,0.5560727268773801,RELAX
10:30:53,0.2,3919.770995170792,1366.9192683459598,1047.47979632385,24137.80359400159,366.7299012863471,161.47866687789312,359.43414446308384,4119.440387266369,7617.993413460548,1251.7707749734232,0.16431764994199358,RELAX
10:30:54,0.2,74.87654651000862,179.8964023416938,10898.19143865027,636.9825399211321,293.5700171765653,374.2152795326643,1912.9175172698733,3325.907295477089,2947.486731855776,1476.652527364048,0.5009869972966183,RELAX
10:30:54,0.2,157.74959343438928,1020.7089146794959,356.87070539790517,66.4339921650424,1272.340352110735,861.2970920012759,266.29323693390165,7845.9481646938075,400.4408014192082,2561.46971143493,6.3966251749491745,FOCUS
10:30:54,0.2,1849.9332107958116,1814.3252339775665,1399.8248536125016,15533.159116924633,766.2761812158811,744.7144112686959,294.3782995547549,11725.220473281463,5149.310603827628,3382.6473413301987,0.6569126629913878,RELAX
10:30:54,0.2,3709.60033407022,1217.5302772297664,932.0998703157654,13741.705302123655,2440.861953607988,420.3554093039938,883.8853266091086,6109.812895060474,4900.233945934851,2463.7288961453914,0.5027778108817147,RELAX
10:30:54,0.2,1919.596095956434,248.82380958023813,2580.761836893146,22994.530906900723,1390.043398209729,214.85842719732833,650.773701336531,1832.0183679375266,6935.928162332635,1021.9234736702788,0.14733766696432937,RELAX
10:30:55,0.2,10501.357621738678,1631.8825600664031,4952.408384519426,18469.288880804,876.370443020303,144.2044600580364,237.3976356903399,4457.6358846905905,8888.734361782128,1428.9021058648175,0.16075428151036936,RELAX
10:30:55,0.2,1232.7555234427605,185.12372330716875,1927.4340396599346,17956.683117951387,822.4370496124124,211.03638478560052,838.0214968635534,4125.414079120807,5325.499101090312,1499.2272525955934,0.281518637809675,RELAX
10:30:55,0.2,3182.798594680429,1042.478785147706,4925.180537810501,16167.215489471388,2320.402917680158,364.4438791318906,349.3196861763427,2663.0586210055535,6329.418351777505,1424.3062759984864,0.2250295677798727,RELAX
10:30:55,0.2,3655.722555920329,281.14586093769105,1696.0994522661772,9565.117684370662,187.01423283655083,146.75434669612252,571.3912743593991,5021.096468349509,3799.5213883737147,1481.5640805603955,0.38993439676215114,RELAX
10:30:56,0.2,575.5444867807104,339.8520216901675,971.4105436786778,6627.89417761974,852.5304976095064,261.19275287158496,989.3344865566028,1953.5729940601052,2128.675307442324,1014.1576827744498,0.47642666743430906,RELAX
10:30:56,0.2,2755.336747472839,48.316187318784955,4339.767360827952,13457.378058956705,529.0179747953408,197.4870795854753,1709.171903840953,3792.1352673375727,5150.19958864407,1556.9530563898356,0.30230926580454054,RELAX
10:30:56,0.2,1041.4255050543452,996.7140727031973,10837.749196555915,11491.360742915913,2020.069952434562,257.08772569986553,2708.153877832479,5580.168906458751,6091.812379307343,2641.3701156064144,0.4335934777930154,RELAX
10:30:56,0.2,54.46159461206776,50.56460383832475,2103.6155035467805,9429.893741493443,524.7318032123809,305.4991873537146,443.0885523354561,14160.99265509846,2909.6338608726537,3858.578049500003,1.326138694420728,FOCUS
10:30:56,0.2,823.7093541920825,67.48087606825209,33722.22229453037,4926.650946613675,813.6284051097497,139.9910064729087,4775.7067380770695,5093.75432608821,9885.015867851096,2705.7701189369845,0.2737244082467206,RELAX
10:30:57,0.2,286.91239474588536,764.0350071061127,1482.7612948466092,2992.078690097268,770.9129847667635,691.1112002519776,761.4555824754972,1955.4603624934118,1381.4468466989688,1044.7350324969125,0.7562614768663414,BALANCED
10:30:57,0.2,196.68179750841273,221.89512583802457,98.73117616444372,11424.099989058977,1059.7031375981512,435.9250903169955,119.93722251282031,7150.340370898375,2985.3520221424646,2191.4764553315854,0.7340763967121213,BALANCED
10:30:57,0.2,3897.605800936288,5263.95604101517,4801.22637755984,1461.3901081196593,1407.1739946760129,116.06041238897103,453.8433977227046,4644.844400762141,3856.0445819077395,1655.4805513874574,0.4293209054570694,RELAX
10:30:57,0.2,3424.88644682945,215.12117901750594,140.22122574520185,2529.943552291885,4365.434159911305,319.55425256461746,285.6973639473622,8522.591318486384,1577.543100971011,3373.319273727417,2.1383373117673097,FOCUS
10:30:57,0.2,4347.426279191538,3149.1674986861867,2071.8362216059336,515.6676847403579,968.1624600764262,537.547312555556,749.9885162782795,5639.636834978667,2521.024421056004,1973.833780972232,0.7829490918399888,BALANCED
10:30:58,0.2,2325.6646741680206,572.3226559792396,339.35580541658464,1150.0178522999,729.1332026312974,195.5275522515984,162.63229105771217,22465.360758480703,1096.8402469659363,5888.163451105328,5.3682963106004555,FOCUS
10:30:58,0.2,16400.385535212514,2305.714209275036,4211.197511113864,9860.984541639336,1971.1000268052674,325.35016982585347,299.19084768381623,2938.768539455356,8194.570449310188,1383.6023959425734,0.16884379779284758,RELAX
10:30:58,0.2,1043.8015417533288,124.16251203904966,90.53171986435383,20073.522582465273,407.7486090451598,207.6611371931963,439.06787782810017,8898.354901855082,5333.004589030502,2488.2081314803845,0.4665677836839666,RELAX
10:30:58,0.2,2446.0303349942833,165.51695974552982,499.90496266728337,14910.623977772011,468.9233646749006,110.65255619839849,379.5336933321774,8784.890993436713,4505.519058794776,2436.000151910547,0.5406702579929106,RELAX
10:30:58,0.2,2885.2885398602325,1211.5152513012385,1951.1812724469482,17417.907012405427,884.9803533916125,47.995399520721264,106.19519134868084,3846.7336729555113,5866.473019003462,1221.4761543041313,0.20821303538725278,RELAX
10:30:59,0.2,1416.4571738270886,239.13093659258968,633.0964220731111,8431.471794889347,933.9258333786539,47.86952526351194,141.13624115937438,3450.8950974226423,2680.039081845534,1143.4566743060457,0.4266567163336425,RELAX
10:30:59,0.2,2186.893323401104,109.07780998313042,205.40160151300046,9547.20368029287,295.2983833944133,160.90390931537618,100.69917870472439,6770.569980504613,3012.1441037975264,1831.8678629797819,0.6081607651739753,RELAX
10:30:59,0.2,6199.129913725447,270.3838816268303,299.5688198205694,10623.395913345092,1882.8435789737143,78.93929371215452,319.6527779723286,3581.0420156641867,4348.119632129485,1465.619416580596,0.33706970842078954,RELAX
10:30:59,0.2,1269.6768092262332,296.4239853257832,6251.325393477637,460.13728143699615,845.2060137514981,124.2548263862861,661.9881834285218,4281.4595241533525,2069.3908673666624,1478.2271369299146,0.7143295934281306,BALANCED
10:30:59,0.2,78.96995807717309,219.84793236812757,134.62742424019612,6383.614589042196,466.0620974590435,28.189321280907446,82.99883179683391,6414.549661398341,1704.2649759319231,1747.9499779837815,1.0256327523412083,BALANCED
10:31:00,0.2,742.9691889473303,106.20811543571233,198.59773530406903,8456.587626343071,576.196014206883,266.13908184803716,273.3003029548961,2751.0644956222986,2376.0906665075454,966.6749736580286,0.406834211877478,RELAX
10:31:00,0.2,95.83298978071566,86.1088188542338,353.37748080898064,9541.951515517885,493.2333557388202,96.2110909205882,85.87991943969554,3794.245779602501,2519.317701240454,1117.3925364254012,0.44352982391828666,RELAX
10:31:00,0.2,222.21239299318813,40.67723932930119,153.80785787809072,15583.068407819816,1506.16098950113,137.2421404521066,412.9914155506722,4400.695451367562,3999.941474505099,1614.2724992178678,0.4035740296469205,RELAX
10:31:00,0.2,223.38357755017483,318.6115890018438,1247.847452466712,14564.579098838969,834.7954653544133,53.498003580752055,231.0657512014302,13547.990663630035,4088.605429464425,3666.8374709416576,0.8968430762520374,BALANCED
10:31:01,0.2,542.5935118692695,34.83247499017245,2201.3655678724526,618.5676810283423,1310.493659438267,199.36087048532022,944.8256457140988,6422.186872712476,849.3398089400591,2219.2167620875407,2.6128726555947392,FOCUS
10:31:01,0.2,1682.5197419279173,476.2462726839795,74.59573685418404,168.1261932346766,1049.509141348779,145.68694170633944,228.2417883044243,1629.1788956656053,600.3719861751894,763.154191756287,1.2711355781573686,FOCUS
10:31:01,0.2,90.67195995603322,74.46382707784426,1471.7040206502836,12539.805375626842,623.1304134037814,235.04247765727908,227.3868858504031,5744.436692857421,3544.1612958277506,1707.4991174422212,0.48177804984562056,RELAX
10:31:01,0.2,373.21274428185814,374.41011687174444,495.520671678313,14656.307583828018,412.00727254897134,195.13619278154866,554.5000326303392,3263.4974131806957,3974.8627791649833,1106.2852277853888,0.2783203570156429,RELAX
10:31:01,0.2,6939.839232763995,640.5928571374398,1524.5313447722137,8814.914549155259,444.6366328875485,785.9421465834756,869.6197105336822,6922.566816650672,4479.969495957227,2255.691326663845,0.5035059566140808,RELAX
10:31:02,0.2,313.29642323725216,1299.3650007815072,635.342900458579,448.40411236229477,2406.1264812881004,415.2299579926369,1160.4898209126306,1043.6086036406093,674.1021092099082,1256.3637159584944,1.8637587670969236,FOCUS
10:31:02,0.2,1150.9337446230832,1499.5490824024234,494.510805633703,11516.10570682528,533.0991409906318,262.93338523323166,1094.4548634220062,9918.45947886808,3665.274834871122,2952.2367171284877,0.8054612137243166,BALANCED
10:31:02,0.2,286.9763059092534,128.7839909921869,4248.874203681963,1150.7033591122035,564.9036675744102,124.92496922901516,405.8665939111142,1949.1116292981599,1453.8344649239018,761.2017150031749,0.5235821088083907,RELAX
10:31:02,0.2,4084.8257897735075,462.99110269658047,372.3616486329792,2542.6115169369455,395.625836984442,261.99551074857067,772.7074583447628,6066.258156988391,1865.6975145100032,1874.1467407665418,1.0045287224701898,BALANCED
10:31:02,0.2,451.81160695786093,1776.8429204475303,102.69180508660723,6029.609517534805,1228.5213296870872,362.0743364403475,323.55759253878284,5967.2378786532,2090.238962506701,1970.3477843298542,0.9426423579660633,BALANCED
10:31:03,0.2,443.2066550111038,12.30855832988229,84.76726156369197,4655.807247914231,707.7623385694361,154.61328794830396,84.66692887921646,5865.34121333823,1299.0224307047274,1703.0959421837965,1.3110596875989715,FOCUS
10:31:03,0.2,3715.7337427814746,1272.1140029682008,1466.5575204766062,1576.4811352222082,710.9852124319165,408.3228834507359,347.2432491096386,3126.3657640634974,2007.7216003621224,1148.229277263947,0.5719066214443511,RELAX
10:31:03,0.2,164.52090208855768,439.52596419934787,617.4042060506827,11691.721932264913,518.9603405083072,60.51679604947035,255.22316782337444,3267.797189627379,3228.293251150875,1025.6243735021328,0.3176986394084556,RELAX
10:31:03,0.2,116.43988993770185,66.63313846539543,226.67085915877811,3409.817242373198,814.7118934541589,283.980249684889,382.1677982737112,6531.27210463786,954.8902824837684,2003.0330115126549,2.0976577605361726,FOCUS
10:31:03,0.2,876.2411091468798,39.77469379005722,1170.5593488875163,2811.954348861971,477.77528962872265,240.40105864206114,199.27769619672472,8181.838349310367,1224.632375171606,2274.823098444469,1.857555903767203,FOCUS
10:31:04,0.2,2917.0537155365664,305.78696980123016,687.5637253042856,20886.396298984168,735.5740162214852,100.53278341463404,498.03019095941846,784.1720177941462,6199.200177406562,529.577252097421,0.08542670617856542,RELAX
10:31:04,0.2,1996.2651702704318,141.00284902705647,4506.666046013853,1119.218087806973,2653.8611837807666,473.7336018757056,656.4307199165165,3602.204506623782,1940.7880382795786,1846.5575030491927,0.9514472815311058,BALANCED
10:31:04,0.2,4826.9289342413695,702.6783742027033,1134.341498526136,10103.876532449975,857.9970596361946,275.0260911578031,171.0058501643816,3371.255492721358,4191.9563348550455,1168.8211234199343,0.2788247372000241,RELAX
10:31:04,0.2,319.01509923412993,455.61382833170467,280.75739671875226,10183.763186279293,802.8480766358712,400.91418011307604,562.0536845003629,3221.3536111669437,2809.78737764097,1246.7923881040633,0.4437319343184039,RELAX
10:31:04,0.2,1403.0458325730335,510.66267469150716,2797.5474138686236,27151.2813330813,54.05423726920775,652.6290485242886,2449.1932813478084,5132.948962471856,7965.634313553616,2072.2063824032903,0.2601432981774481,RELAX
10:31:05,0.2,231.14232212491976,232.78049966893684,1391.9672230589308,9267.943635134761,1134.3503132701403,831.2904661172269,1338.920918106928,3544.6482940038914,2780.958419996887,1712.3024978745466,0.6157238761867081,RELAX
10:31:05,0.2,2698.302258944067,41.25594365659641,290.29874900448146,22611.42506540176,364.7712659902543,86.85827079981125,245.86011536968343,4988.802744584851,6410.320504251727,1421.57309918615,0.2217631861376157,RELAX
10:31:05,0.2,139.6421159926976,226.9269204057839,783.6030818688599,12715.887001311346,1984.7995437461257,264.1857749289173,615.7103341500366,2842.3280281926527,3466.514779894672,1426.755920254433,0.41158224062087634,RELAX
10:31:05,0.2,1892.1911335552402,161.55503615585494,936.628534709356,2537.7748155155386,258.708902154157,156.8325838551912,418.77718536387556,1692.679757082189,1382.0373799839974,631.7496071138532,0.45711470345409055,RELAX
10:31:06,0.2,2226.4803145375754,1410.3629923106241,6120.636256005173,29520.446267247506,612.1084596276606,77.80503352795701,2084.752457301682,3622.330927019157,9819.48145752522,1599.2492193691141,0.16286493602404226,RELAX
10:31:06,0.2,2857.2603419116167,277.9890018056503,1505.392320502665,1910.0350498159562,471.15290070402574,216.7438173901942,184.1026922499968,3398.822567677273,1637.669178508972,1067.7054945053724,0.6519665317738181,RELAX
10:31:06,0.2,503.58925445612806,80.96278258851265,771.8199161701766,2642.357584768855,298.41989874967385,121.7330655804678,651.3027237768441,870.957172252272,999.6823844959181,485.6032150898144,0.48575749920278527,RELAX
10:31:06,0.2,3061.415026150885,100.15588802089097,1718.886492694154,2032.7344837910066,1601.4633412138216,108.66144376743462,549.2712197579452,3394.494830165668,1728.297972664234,1413.4727087262174,0.8178408648754577,BALANCED
10:31:06,0.2,104052.5773729298,71618.28884779876,66082.9367803042,39054.0359704472,3689.1857355385237,8257.4477821153,5955.074920243072,15656.717285640945,70201.95974286998,8389.60643088446,0.1195067269006909,RELAX
10:31:07,0.2,141.55548934497224,945.5038946509366,1187.5108068295071,11549.726924331064,432.54965776582907,177.66432760120287,297.39875104088895,4335.797765671269,3456.07427878912,1310.8526255197976,0.3792894827419831,RELAX
10:31:07,0.2,1459.2670363311574,110.08398668058543,4817.0323320571915,4542.691765741444,1814.070949195232,359.94161762083087,1160.0602429389978,5033.765520193751,2732.268780202595,2091.959582487203,0.7656492646862094,BALANCED
10:31:07,0.2,123.89310751579119,0.7907914395666577,259.4519156713046,4560.573499650267,890.1932358550606,404.20168981806387,263.4266422575047,1949.5315428930237,1236.1773285692323,876.8382777059132,0.7093143171625524,BALANCED
10:31:07,0.2,1539.3968721087365,1315.075523868977,5599.12127636218,9644.812609252494,148.40284134605056,199.02864452666685,874.0241273697417,6893.9027229899075,4524.6015703980975,2028.8395840580915,0.44840182113086785,RELAX
10:31:07,0.2,185.1689315030883,492.53044854199925,1886.2574681432432,2089.7576555738133,328.4252657329187,247.08985592142926,858.043777103886,2250.973901212533,1163.428625940536,921.1331999926917,0.7917401888302615,BALANCED
10:31:08,0.2,87.17628921764607,962.7627014159864,2453.028900962635,6186.372622286181,365.00111791929294,143.52193037052055,256.90738432299077,220.93521375040396,2422.3351284706123,246.59141159080204,0.10179904865042033,RELAX
10:31:08,0.2,1405.9346139390673,328.7048475752261,997.5157183276078,1956.7043188505766,458.27347723993927,61.386419215192554,413.9032023184499,3942.6620687908394,1172.2148746731195,1219.0562918911053,1.0399597533097742,BALANCED
10:31:08,0.2,570.3035216258279,707.9768457378259,4368.422925838118,886.3580923586272,117.59689723601092,61.90127072715811,882.4738814760208,3242.710730071675,1633.2653463900997,1076.1706948777162,0.6589074440698239,RELAX
10:31:08,0.2,55.94376897147912,9.300651264525476,5009.085496998585,1220.9740900945496,514.6806256699077,342.72661449156453,809.6590751242278,1587.305656227393,1573.8260018322849,813.5929928782732,0.5169523136173054,RELAX
10:31:08,0.2,159.79017780568157,937.9037868822029,2131.324689771167,2284.0691843806762,360.45534049311397,29.227499414358736,272.86616011499405,494.43726488555626,1378.271959709932,289.24656622700576,0.20986175057053322,RELAX
10:31:09,0.2,41.42126880980688,63.86264755632251,142.9751642813999,1654.240619056484,153.34556262506268,169.30106869469236,1399.8800423292485,6532.8063389644185,475.62492492600336,2063.8332531533556,4.339203319662951,FOCUS
10:31:09,0.2,1280.7159978028242,82.85216521113014,5799.598704122577,4572.7145083311825,607.8758633995513,287.5468893533292,2373.283546559715,1621.7236199189645,2933.9703438669285,1222.60747980789,0.4167075111592682,RELAX
10:31:09,0.2,620.5237225526861,123.30293962573064,17100.63152131269,1766.1478941070218,614.2450088317729,261.5912884730726,1147.4102776887878,169.78919929253036,4902.651519399533,548.2589435715408,0.11182906665956355,RELAX
10:31:09,0.2,1265.8888370456625,124.42015643207394,2990.4261127006157,1789.7203901841453,390.5831280251746,336.8815764721541,405.59132612700455,3921.6206097318723,1542.6138740906244,1263.6691600890513,0.8191739885873827,BALANCED
10:31:09,0.2,4149.091996176881,340.82095809657795,1689.6283551097831,771.8619377058966,185.98956301352837,69.99960185506824,295.2564414446445,1758.7165007910141,1737.8508117722847,577.4905267760638,0.3323015548078784,RELAX
10:31:10,0.2,1467.1804538283259,195.63724935372338,314.6274691643803,3816.2269078878744,94.08011050876335,101.54805675640766,83.57313839508295,1959.311154154888,1448.418020058576,559.6281149537855,0.3863719638969649,RELAX
10:31:10,0.2,2038.8041023598478,40.456688887053204,5670.323032487216,61.40952991890002,394.09996021923706,113.43070841975045,5622.0847797981005,1785.944858542629,1952.7483384132543,1978.8900767449293,1.0133871517478372,BALANCED
10:31:10,0.2,1084.4706709818581,268.01356961112197,576.9804707736771,2194.636714068844,695.2128717008092,320.18931453450546,211.84593244161601,5386.310798835652,1031.0253563588753,1653.3897293781456,1.6036363404457727,FOCUS
10:31:10,0.2,682.915326631412,3.4424004107608184,3009.560396088052,7370.969558487314,814.0641306318271,342.77081767359095,568.391175121942,1644.46544772769,2766.721920404385,842.4228927887625,0.30448412129023567,RELAX
10:31:10,0.2,1939.820882161045,1720.0780620671947,9788.385064228933,3297.9311802135153,1420.1164150666625,515.1057298747357,690.9695613005985,793.7447152334393,4186.553797167672,854.984105368859,0.20422145439699857,RELAX
10:31:11,0.2,1470.9478915214286,101.64726417886433,3639.5458373124557,6225.512873139483,586.9912482015503,249.5317715230477,1223.9257698269846,3955.922899817722,2859.413466538058,1504.0929223423261,0.5260144921130828,RELAX
10:31:11,0.2,5047.394001088231,312.7499829918166,2044.6677321626448,8663.806916427482,500.16507593282,270.9002803375394,525.3842001251688,4308.710446536588,4017.154658167544,1401.290000733029,0.34882650033997903,RELAX
10:31:11,0.2,761.9443366240878,105.2082663077128,29790.706949757554,13871.319965533172,884.1534625088644,397.91592086561576,7780.047047855897,892.1741542646546,11132.294879555631,2488.572646373758,0.2235453402284556,RELAX
10:31:11,0.2,315.7564520223613,142.63744815304844,17234.040882147256,1676.4377849721077,468.6693552825471,134.18191528246146,1692.6572144667527,1568.4410420147633,4842.218141823692,965.9873817616311,0.19949274350490492,RELAX
10:31:12,0.2,500.6326083421236,81.94277584897897,2768.506248138632,8599.600062753874,385.3792804377901,324.32886826137724,267.83442892726976,1610.2733642599333,2987.6704237709023,646.9539854715927,0.2165412825739449,RELAX
10:31:12,0.2,9257.33984090721,689.1441439951602,1710.6361409704775,6706.86200338488,454.86562464457484,151.24613841643588,820.7784115189071,1536.6128465607005,4590.995532314431,740.8757552851546,0.16137583887206733,RELAX
10:31:12,0.2,46228.7081872154,2390.9096802369313,10729.883880768382,80731.99428981823,19990.178152682303,435.8907953281825,926.5607983853689,3648.9810466518684,35020.37400950974,6250.402698261931,0.17847903898926498,RELAX
10:31:12,0.2,2103.6416523595617,1079.197226264422,3255.0702251643884,38557.735491088,344.8293521546905,157.08371530187057,656.2490923887516,5977.496886374192,11248.911148719093,1783.9147615548763,0.15858555001192357,RELAX
10:31:12,0.2,1480.2435693926575,3027.486603860708,555.4713202121455,12517.818702747743,698.5852284115148,52.64032643010885,298.9800326438239,3391.9437430524654,4395.255049053314,1110.5373326344782,0.2526673242486064,RELAX
10:31:13,0.2,1708.442160018207,898.008094973951,4038.7558014496412,441.15284590999846,344.8730416718003,338.20109628699873,1619.7261622989745,122.6965710167251,1771.5897255879493,606.3742178186246,0.3422768878485018,RELAX
10:31:13,0.2,2007.9815406594976,818.3430085682375,1877.345189735893,3934.1625464895,816.3981052866897,87.11725849205146,4179.861763679635,1317.8369011567315,2159.458071363282,1600.303507153777,0.7410671817969094,BALANCED
10:31:13,0.2,625.0821429337548,11.75141739629115,9203.044121956267,2465.4466400097494,569.9877605132552,238.95555986178806,1560.7105933699129,491.6348065217112,3076.3310805740157,715.3221800666669,0.2325244459491643,RELAX
10:31:13,0.2,708.3437852492491,2317.5681250639286,1137.7315626063128,2709.764878857588,237.4078018745603,78.4044770395077,630.5773665411376,1721.6455838368754,1718.3520879442697,667.0088073230203,0.38816771719990656,RELAX
10:31:13,0.2,2201.6009224952627,207.0363594831248,4273.588416737733,7158.108245838007,1304.0828160720644,1022.8663655317823,651.0347937964078,1391.3847232939888,3460.083486138532,1092.3421746735607,0.31569821336670095,RELAX
10:31:14,0.2,534.5415638739701,823.9434881980811,659.6794215807762,14230.299874723523,230.97136130984646,714.6249747589958,711.0236587820492,3591.5519642963513,4062.1160870940876,1312.0429897868107,0.3229949518073487,RELAX
10:31:14,0.2,807.7495577670991,3835.2709166308427,6630.726801242095,2326.155540351549,1539.2881769600153,280.164053052644,2396.008364545119,1276.6071884000228,3399.9757039978963,1373.0169457394504,0.4038313991846984,RELAX
10:31:14,0.2,373.8331392195927,708.089364379081,554.3385026724591,18975.464996393737,438.4231950107692,176.64046793171417,1286.3005167832696,4964.470876510626,5152.931500666217,1716.4587640590948,0.3331033536613432,RELAX
10:31:14,0.2,4380.026178809824,777.7585188670026,295.591066669531,9662.170115903034,793.0501141394028,150.8376526418372,911.3002428387971,2279.4141177919123,3778.886470062348,1033.6505318529873,0.2735331003039986,RELAX
10:31:14,0.2,1402.2948496107597,452.2399032469252,62.42020081176277,3476.0562348938547,390.4933979617717,152.18872942974346,670.6554550719239,1637.8362605505342,1348.2527971408256,712.7934607534933,0.5286793858429812,RELAX
10:31:15,0.2,897.0383217683484,78.47591554956321,4057.5213851649182,1527.2983766415728,445.15446179878626,47.09783845648938,709.495904615625,3072.0564393438635,1640.0834997811007,1068.451161053691,0.6514614415645883,RELAX
10:31:15,0.2,864.9960857905339,3102.777375090086,122.30201473548445,4029.7876106900585,3010.751846889292,98.6733660728299,150.24435453824438,3826.6565179148815,2029.9657715765406,1771.5815213538121,0.8727149719268131,BALANCED
10:31:15,0.2,3815.9799919305096,463.4148425775012,1589.8871167893656,7863.782873615395,1615.4167487990726,191.11363662108303,496.5539313465385,732.6599817821999,3433.266206228193,758.9360746372234,0.22105366407663307,RELAX
10:31:15,0.2,3771.4566875243722,1053.0018075876355,63.320336283048555,1144.2764344978239,1089.5076104772475,270.83638170316647,215.9611978656566,1190.4154809812187,1508.01381647322,691.6801677568224,0.4586696489124014,RELAX
10:31:15,0.2,2837.4692072002244,221.88089259644664,349.8657489034002,10218.810874095298,257.2802972514457,73.20020104088745,161.27128695620976,3038.9969014063586,3407.0066806988425,882.6871716637254,0.2590799650215741,RELAX
10:31:16,0.2,2489.4023342142928,1978.031673064368,1212.3587350544021,2810.2045664273405,363.3315208179358,810.3046946981535,265.71326350841974,2133.2869159698525,2122.4993271901008,893.1590987485904,0.4208053624832056,RELAX
10:31:16,0.2,5412.298329704047,58.54437540721729,6206.366796991304,17933.56357355436,1963.527525447982,126.16895085840345,601.5720376099031,2771.848108418511,7402.693268914232,1365.7791555836998,0.18449760188213515,RELAX
10:31:16,0.2,336.63752884858104,351.5299616931544,1728.490880691754,1172.287965185721,2006.4911065332792,284.64680148039065,221.4015961324313,1702.000235055097,897.2365841048027,1053.6349348002996,1.1743111610317805,BALANCED
10:31:16,0.2,2102.8737660827355,438.67060637037815,132.8146581942966,2096.164972983799,180.80383152255718,125.88741894979022,86.94727175490345,1035.754918708881,1192.6310009078024,357.34836023403295,0.2996302795768581,RELAX
10:31:17,0.2,1632.924641213407,2408.463057413019,484.2992796181695,757.6132177040676,2292.248039540198,448.626333296081,368.5693712353787,1869.7469155617007,1320.8250489871657,1244.7976649083396,0.9424394743746529,BALANCED
10:31:17,0.2,4371.105614373573,484.50058640876324,820.4120137155886,5767.3621359298295,1171.372316216099,76.7184423693099,258.5051238714162,1571.0736091282943,2860.8450876069387,769.4173728962799,0.2689475834358749,RELAX
10:31:17,0.2,529.4188593556673,734.5023748596938,155.23102818318745,13412.345176794372,1383.087001721123,260.8656180066221,539.3078284199875,4881.890417288546,3707.87435979823,1766.2877163590697,0.47636126388467626,RELAX
10:31:17,0.2,98.51101346632433,407.6683035292075,1189.1250019734518,2777.2223734870217,387.9769494311684,210.18359585552216,660.8592358990447,1692.0253142943848,1118.1316731140014,737.76127387003,0.6598160946602664,RELAX
10:31:17,0.2,6241.569911854779,111.41892596207813,797.0105386218005,7873.719290057556,648.1703852140771,358.4463714181859,559.5747730672682,2779.048122532522,3755.9296666240534,1086.3099130580133,0.2892253075746284,RELAX
10:31:18,0.2,2672.3346258144174,397.9554002578577,79.16241247468152,13993.43287948445,1390.5543949439455,294.4659128743022,297.77770039358273,397.92675951397,4285.721329507852,595.1811919314501,0.1388753832017812,RELAX
10:31:18,0.2,6584.872710735656,1685.42283344343,2016.9354754978356,9259.444411202525,570.002124039236,43.08507821805545,233.4794234659213,3539.9966777892,4886.668857719862,1096.6408258781032,0.2244148023547067,RELAX
10:31:18,0.2,2972.1384692026836,511.49388001916446,705.3729980307204,12955.985473116472,550.8326186826181,254.26999558236744,231.90850651933144,5267.502045772773,4286.247705092261,1576.1282916392724,0.3677175002664356,RELAX
10:31:18,0.2,2184.0853184113694,280.4584567652984,758.8082596362157,8317.152236753733,644.0829571781811,120.21732379029991,219.46558406785027,1838.1867692782707,2885.126067891654,705.4881585786505,0.24452593820075105,RELAX
10:31:18,0.2,2954.6341744226534,2313.8517876617257,328.9020290221866,5474.369299722023,813.9912035128909,344.4176798058668,228.35613194360175,1829.2569866498154,2767.9393227071473,804.0055004780437,0.29047078231891893,RELAX
10:31:19,0.2,1576.7088812682352,674.2990547647007,17.75301389590035,1250.728196793866,864.4384391829889,405.9739780068856,998.9721434252046,1916.9866569448313,879.8722866806756,1046.5928043899776,1.189482633142426,BALANCED
10:31:19,0.2,3791.9035305091506,969.8455613634759,1156.2126035753488,445.890951837459,1554.150891439798,613.5419192779005,411.6460908855024,1242.1270558948188,1590.9631618213587,955.3664893745049,0.6004956697305216,RELAX
10:31:19,0.2,2504.3697671394475,902.8922071608691,1462.0487550337377,6206.377004588918,1598.0162796112643,162.39270730471182,221.79465182928436,4527.169801423049,2768.921933480743,1627.3433600420772,0.5877173135020041,RELAX
10:31:19,0.2,778.813408027183,376.52832103711404,446.41099500492084,4378.606392108478,517.6165440276462,290.3346979238268,331.47294154170226,2715.4722678620597,1495.089779044424,963.7241128388088,0.6445928039550683,RELAX
10:31:19,0.2,122.26193839589425,869.269843528752,678.4670131631091,11869.883498596362,2558.2648902318365,135.18449000748117,81.99929526618962,851.5268229155508,3384.9705734210293,906.7438746052645,0.2678734880961938,RELAX
10:31:20,0.2,2205.063979988613,2584.0844789008775,2357.9557651758328,26717.405391121338,187.84677453017392,306.7933015288706,419.7810839886224,720.418270162736,8466.127403796665,408.70985755260074,0.04827589263177322,RELAX
10:31:20,0.2,3601.9136556612593,2855.8165064563123,452.2894891599104,1845.4625365433658,938.298460269134,163.25487938105502,292.97182265604846,5390.31578249994,2188.8705469552124,1696.2102362015444,0.7749248755532967,BALANCED
10:31:20,0.2,255.87728385988993,248.8355156248218,1596.0154367243983,17983.88990470955,738.8746694685841,442.54829913588,1293.2996125032037,1099.5451106227367,5021.154535229665,893.5669229326011,0.1779604504627599,RELAX
10:31:20,0.2,3746.151173789912,913.0134845476175,4839.3819810995865,12948.897315141323,1130.440350774981,393.2832691209394,603.5570693484079,3382.701933977141,5611.86098864461,1377.4956558053673,0.2454614714428383,RELAX
10:31:20,0.2,3972.5252513739374,1257.979351682548,1177.3140530424523,3011.733416272121,920.4787141814762,214.46614239671248,789.3097093113857,1976.2279957572016,2354.8880180927645,975.120640411694,0.41408365617378656,RELAX
10:31:21,0.2,4885.834908901302,1582.3689609528042,1473.9997452698508,7924.223849669051,347.4183822667184,416.5712239229465,703.551438881549,1209.977835659977,3966.6068661982517,669.3797201827977,0.1687537340508758,RELAX
10:31:21,0.2,877.5176028596918,2485.486849644765,12721.401300289777,28087.035645537926,1977.3673163788928,724.7939872200922,1022.259550405587,1451.1146996637965,11042.86034958304,1293.883888417092,0.1171692702304206,RELAX
10:31:21,0.2,617.7128419123555,81.85326560474641,943.7186455818193,3585.8310288441653,1757.649087366699,215.4119289300252,1119.338451564309,3793.8910134309494,1307.2789454857716,1721.5726203229956,1.3169129865265876,FOCUS
10:31:21,0.2,2079.5798432444185,977.5599893744964,6654.057330513651,5480.297408642559,328.30095919868694,140.11725382704523,413.6598030640673,3026.14004625596,3797.8736429437813,977.0545155864398,0.2572635657328273,RELAX
10:31:22,0.2,1245.0036125558422,1728.391110044773,966.4709758626082,6692.508624652141,750.7539747874794,384.6560368160993,727.3878792751717,353.24268497682397,2658.093580778841,554.0101439638936,0.20842386738000568,RELAX
10:31:22,0.2,2817.320853912346,1085.2869745954254,967.367760001397,11654.78504197347,577.5500443144971,334.0786835326949,342.9328223578388,4615.52916297898,4131.190157620659,1467.5226782960026,0.3552299996621835,RELAX
10:31:22,0.2,3184.060385620418,490.84669796904484,1578.209598341501,1735.4228674754795,741.4383707952221,165.71378159802643,259.4660502400549,1018.095585609501,1747.1348873516108,546.1784470607012,0.31261378329444506,RELAX
10:31:22,0.2,644.708750655556,286.65139452409346,585.8683603896663,10002.418364991892,524.9300527529017,142.35556698306866,67.44227689472888,3434.2636681909203,2879.911717640302,1042.2478912054048,0.36190272251101707,RELAX
10:31:22,0.2,735.8637791057688,16991.332255336685,950.0779848068114,6443.206914714888,693.3219579414507,8199.634672608358,257.38513659696116,4341.055707994521,6280.120233491039,3372.8493687853224,0.5370676425585563,RELAX
10:31:23,0.2,8915.630103618321,306.9202517075232,1095.8073741294395,9836.768668536884,883.3948230830557,156.60420729156667,476.3363064386869,2696.2813048426233,5038.781599498042,1053.1541604139832,0.20900968609532455,RELAX
10:31:23,0.2,1312.2520309573506,54.089234574402305,1060.1093535060704,742.4514375470052,364.3789280786005,252.56923279534988,263.7074598515391,3871.7844908064485,792.2255141462072,1188.1100278829845,1.499711896004041,FOCUS
10:31:23,0.2,290.7655225195063,299.376210402786,557.4532134566425,9256.17177465576,1165.1580597188795,246.71822983779393,418.5316620613866,2486.6766941073824,2600.941680258674,1079.2711614313607,0.41495400286100337,RELAX
10:31:23,0.2,3589.375152230149,802.624821655029,4281.957314566806,43255.44671839763,888.612499335244,162.53228088993563,909.7372557812711,4153.599957973552,12982.351001712403,1528.6204984950004,0.11774604601996755,RELAX
10:31:23,0.2,4982.94854654242,1473.256395370171,1034.201112873913,4481.854254038424,2186.3173630972606,295.93543130002314,762.9495220533303,5585.563594883282,2993.065077206232,2207.691477833474,0.7376022307854941,BALANCED
10:31:24,0.2,622.8230707227965,843.1946563627756,929.6042501032482,10973.313546506683,184.69217503097454,1588.2426140926946,646.8132016962628,5405.761958155603,3342.2338809238754,1956.3774872438837,0.5853502648064512,RELAX
10:31:24,0.2,817.1410221849547,386.8215388178945,2655.871346361096,9740.215467899317,1252.3831306186964,221.72669549787156,329.6282661102402,3450.260710746917,3400.0123438158157,1313.4997007434313,0.38632203883980537,RELAX
10:31:24,0.2,2394.43693260925,1095.1561488479579,72.44219523936144,1843.7891322398693,1298.1972918930205,114.16110480795163,179.20474054208617,1892.7512611494797,1351.4561022341097,871.0785995981346,0.6445482011277638,RELAX
10:31:24,0.2,2800.4167097961226,204.3148520424533,242.23706816020254,954.4796370119551,770.5918947392953,230.6212896619987,194.2286595164379,1924.240795148299,1050.3620667526834,779.9206597665077,0.7425255390055385,BALANCED
10:31:24,0.2,5429.883010820048,1357.6536182482903,972.0748700563128,16691.14117421512,2861.063124724025,161.79761271318765,210.5090062159554,2749.6073827434175,6112.688168334943,1495.7442815991462,0.24469500822034856,RELAX
10:31:25,0.2,6856.000646169476,1176.0303380629437,87.08817739492923,27964.33544394753,1132.979247112299,137.04475161236917,329.144611255224,5390.235721621163,9020.86365139372,1747.351082900264,0.193701085663821,RELAX
10:31:25,0.2,4727.071366817683,340.03014220791783,1539.8302551394727,4583.209672456769,1588.4665379136484,229.58563303339747,226.24243683736913,2201.1510054115747,2797.5353591554604,1061.3614032989974,0.379391595471883,RELAX
10:31:25,0.2,1388.9840305179207,83.5445823640783,665.5132714717071,19415.084827114188,1222.7325739659202,156.67419251557797,180.97700557823978,5501.817066960238,5388.281677866973,1765.5502097549938,0.32766479469831866,RELAX
10:31:25,0.2,749.111645057548,1394.4872115394717,2492.5236722238333,4372.212886927914,1475.5539531825987,632.7040323600372,478.241199325192,2860.1217453809,2252.0838539371916,1361.655232562182,0.6046201300105574,RELAX
10:31:25,0.2,1487.5825239396556,68.30510557491907,3639.246365383775,19889.39318249816,1217.852914979444,460.59968201789707,463.1869308260604,3119.2229050763126,6271.131794349127,1315.2156082249285,0.20972539748089175,RELAX
10:31:26,0.2,2947.1445968177563,1026.3993398842279,3274.7294256584555,1457.6924373617346,267.9335375180255,468.4633302359545,453.26833273982805,4368.819366311952,2176.4914499305437,1389.62114170144,0.6384684588334981,RELAX
10:31:26,0.2,1224.349227437599,1229.7724369524724,526.6478908721235,19100.374497134413,1329.6943626916952,84.10753393363007,359.90919742350434,901.6575176275986,5520.286013099152,668.8421529191071,0.1211607788676173,RELAX
10:31:26,0.2,3351.807198413034,1643.8621615603993,1167.8516009626078,281.6100953478278,266.09233373257496,208.33778434672988,190.95021092473283,1955.4285497600424,1611.2827640709672,655.20221969102,0.40663391572291546,RELAX
10:31:26,0.2,4186.736592582937,661.403170498657,36.907362432914645,45522.290346404996,1234.556711671534,228.68523626360056,59.72750971103173,1928.3332918603057,12601.834367979876,862.8256873766179,0.06846826122147583,RELAX
10:31:27,0.2,196.06305880032272,1043.6816367948988,166.22228172542168,8801.599690528414,959.427579559242,220.00872569112892,168.81062509660885,5961.495862682262,2551.891666962264,1827.4356982573104,0.7161102181240571,BALANCED
10:31:27,0.2,3676.997398760466,56.49149259021369,134.15280996387366,270.9269469602705,1087.8548739694882,237.63430520149083,44.53681345023022,1996.932580652109,1034.6421620687058,841.7396433183296,0.8135562943185313,BALANCED
10:31:27,0.2,498.06310971551846,1242.580211382555,13.750458140827668,5102.221747014015,861.5000220711418,411.5432384860394,128.97471571766735,3485.211559137793,1714.153881563229,1221.8073838531604,0.712775788098399,BALANCED
10:31:27,0.2,5.379846761941519,437.376016014937,2053.381613241983,14055.443772297489,1288.4399668216622,198.18206652844978,1200.8372722051438,3956.6747212274845,4137.8953120790875,1661.033506695685,0.4014198962083209,RELAX
10:31:27,0.2,400.19855369509725,129.12346627393276,548.2287051904387,350.2643153914901,2093.0921375770986,315.8360085038662,57.77885543633465,3191.0748249830945,356.95376013773966,1414.4454566250984,3.962545333825027,FOCUS
10:31:28,0.2,685.7193445340014,628.5067924841212,48136.687142314135,184.56517011086515,3917.4670720049326,217.16556623546944,16609.920596991586,2730.181058254835,12408.86961236078,5868.683573371705,0.47294264157033006,RELAX
10:31:28,0.2,435.4763850467578,53.028189449824495,12596.564865935647,6383.523799918399,1745.280475846518,262.21812691369104,8607.63206218999,3218.0099309761786,4867.148310087658,3458.285148981595,0.7105362172370931,BALANCED
10:31:28,0.2,3190.8409195090258,402.4151384786814,1623.4356037954353,9490.65688264783,831.8335939319459,223.65341154766588,12261.43181630911,2365.8936261140652,3676.8371361077434,3920.7031119756966,1.0663249327725477,BALANCED
10:31:28,0.2,1125.9116846940549,84.05398001882848,182.7695747204769,12529.225114391757,794.7572346481926,87.54357392460345,243.34687319178684,909.8132047391003,3480.4900884562794,508.86522162592087,0.14620504833893108,RELAX
10:31:28,0.2,2576.6057769069134,1331.6663716239955,1140.3383252846038,3597.1327543988864,815.1267555498689,401.22182366218317,139.01054829478815,3651.2813392284256,2161.4358070536,1251.6601166838163,0.5790873421265466,RELAX
10:31:29,0.2,4307.634274666079,759.6515439675371,2419.2680466391553,11466.985414509903,961.6433546010145,283.39331671881604,160.79988142782102,834.2582537503067,4738.384819945669,560.0237016244896,0.1181887336940504,RELAX
10:31:29,0.2,4900.588929748145,697.6092302379307,619.3024077969473,1734.3027769448352,180.03778869515097,127.80835955355094,456.23346459850063,792.8562804383055,1987.9508361819646,389.233973321377,0.19579657918952123,RELAX
10:31:29,0.2,198.84681809905106,50.80763502156199,3224.0209150503324,320.59882630233926,1589.7552020413775,240.7585570440389,331.9193975747134,241.65821071487767,948.5685486183212,601.0228418437518,0.6336103413076449,RELAX
10:31:29,0.2,3440.6909535325585,363.5811272255885,10743.212557110428,4678.931863186281,1452.7305259496109,130.7850963177342,473.77813712056127,1801.3040428445213,4806.604125263714,964.6494505581068,0.20069251084936837,RELAX
10:31:29,0.2,528.7385446935191,833.0127560742419,14325.931030265936,24296.41495740097,1291.7385570473496,366.28446793635567,5879.518287490001,1213.6614300928024,9996.024322108668,2187.8006856416273,0.21886708306649152,RELAX
10:31:30,0.2,6839.999368320196,279.7532981117798,3189.2822149555973,483.1038895180267,1782.3322347427268,164.2884984912088,1114.2606010113802,788.3444417761093,2698.0346927264,962.3064440053563,0.3566694107379816,RELAX
10:31:30,0.2,2613.026481171917,1305.0738686728205,62388.00980895983,1094.6747188760387,681.9306194227506,306.89338896781754,9346.498308954067,1376.291028338991,16850.19621942015,2927.9033364209063,0.17376078582672203,RELAX
10:31:30,0.2,2575.774632373953,1910.0254545025296,2102.7936680389084,9887.918775016085,752.294968213667,117.88461249467412,1890.0164495178694,2036.648422342485,4119.128132482869,1199.2111131421739,0.29113226745372706,RELAX
10:31:30,0.2,2831.1548166409934,421.7512729137471,2964.872014402891,3221.586662759225,1091.6155232341087,217.0375069207371,2573.18153777611,2574.110297047923,2359.841191679214,1613.9862162447198,0.6839384878675844,RELAX
10:31:31,0.2,591.8594227947522,345.469408056669,3265.063334433206,965.9539286952739,480.8151497608062,339.0959576376055,223.25898992127495,1671.5530061299905,1292.0865234949754,678.6807758624193,0.5252595422376592,RELAX
10:31:31,0.2,2954.4131603820283,7.704585238730199,573.4022198530259,306.0720059810388,653.9884254670962,56.25189965387614,400.8541106461873,1166.246774436224,960.3979928637058,569.3353025508459,0.592811841321333,RELAX
10:31:31,0.2,1633.4892241717425,239.73145670721334,1447.0056011681434,1719.8756790934156,1085.5284741726384,91.73772744269854,1019.519718036889,1158.970685811063,1260.0254902851286,838.9391513658222,0.6658112536881935,RELAX
10:31:31,0.2,9342.648161238087,463.82353175070676,1986.8969948702666,9975.667545636046,849.7599148430385,36.515066411264804,885.5052862507531,639.912828189466,5442.2590583737765,602.9232739236306,0.11078547850380951,RELAX
10:31:31,0.2,7965.120408680052,237.8549766745895,13539.784503793659,1503.238558019661,308.1551297184083,299.025983441836,3565.5112430061695,2321.2410904797603,5811.49961179199,1623.4833616615433,0.27935704553216656,RELAX
10:31:32,0.2,663.0858190001952,358.8551895161122,1170.5432948127018,2439.1634709106893,977.2001026962895,73.92579290564966,273.47556267243607,1936.994420036679,1157.9119435599246,815.3989695777636,0.7041977363761124,BALANCED
10:31:32,0.2,444.90687741963035,1009.7567240700598,25427.85906937482,31343.1825167694,393.7012252590367,228.0569491959869,1212.6622130164235,2208.668624484016,14556.426296908478,1010.7722529888658,0.0694382145982861,RELAX
10:31:32,0.2,789.863716519781,334.93819157714603,672.0193549700739,854.0127724693767,2005.8294053070106,347.57477802181126,680.9066512377227,784.2924973564724,662.7085088840944,954.6508329807542,1.4405290111458635,FOCUS
10:31:32,0.2,1821.3238232295687,96.67597135226814,310.79677528674836,1584.3387252168704,1595.8101462462375,54.84435250336267,350.0613077585874,2333.6023334023917,953.2838237713639,1083.579534977645,1.136680921208552,BALANCED
10:31:32,0.2,8905.724113485046,1314.2685251693745,110.92897269700144,15873.60552594509,3094.2535955102453,237.14859719761833,397.736244285958,1480.2230527439087,6551.131784324129,1302.3403724344325,0.19879624091072887,RELAX
10:31:33,0.2,2707.4857761161857,560.8112798442446,250.20071332629195,1894.0813474815834,1681.6441935371188,144.3496693215391,51.464487170242194,1460.7532171692083,1353.1447791920764,834.5528917995271,0.6167506275993723,RELAX
10:31:33,0.2,2956.8342345085293,184.12818087813463,6.539264469209898,2240.766665872655,1038.7513354414625,97.61215451841024,407.92229622060023,3995.507082519876,1347.067086432132,1384.9482171750872,1.0281211909373331,BALANCED
10:31:33,0.2,64.49341963025769,605.5777861700201,66.36597897204038,8242.129131429736,711.5176112407266,189.06044969104673,197.7336392005002,1847.9020390438982,2244.6415790505134,736.5534347940429,0.3281385507906372,RELAX
10:31:33,0.2,506.3223370196074,606.0547277678065,157.94225174148065,3693.7549148696376,184.6373384197175,166.5568283926683,1022.064708663701,669.3670651798575,1241.018557849633,510.6564851639861,0.41148174774180885,RELAX
10:31:33,0.2,7638.668800650075,103.55480261722411,597.0736350542879,518.2644776288798,1680.8694173953072,146.36860055077122,695.6946800401502,1457.9585850451824,2214.390428987617,995.2228207578528,0.4494342134656229,RELAX
10:31:34,0.2,7493.919473145141,991.7022356823998,624.3048345080342,51247.06515652696,5994.087339574937,441.01029642555,1800.0906562585403,16568.64704808736,15089.247924965634,6200.958835086597,0.4109521472456501,RELAX
10:31:34,0.2,2892.4388867463385,1989.2449690386268,17505.17553931116,28973.979876414276,2580.0391579072416,173.6703266721464,21487.859996306724,43806.274036217226,12840.2098178776,17011.960879275834,1.3248974215039577,FOCUS
10:31:34,0.2,3104.5743237362976,132.63066762885876,32.003704605153686,16226.244349031143,2023.7722309186377,256.80379268063695,21.821642031424588,246205.62183138155,4873.863261250363,62127.00487425306,12.746973303127653,FOCUS
10:31:34,0.2,15452.183849982557,12423.102387407076,3037.45862780541,18962.05661115226,1280.1819381943694,447.5356397544436,22183.889832384517,7578.710808801555,12468.700369086826,7872.5795547837215,0.6313873396382119,RELAX
10:31:35,0.2,2504.9842750319044,571.2691897304219,14839.732526629292,5300.806741790657,3591.8916144823597,395.6244513651318,3971.760393213141,7495.8512590568425,5804.198183295569,3863.781929529369,0.665687457166659,RELAX
10:31:35,0.2,56763.08874616818,2791.35769551628,167271.54044882694,477333.05737737706,468429.8119857051,1112.272344992235,27409.959398126837,215242.18870382124,176039.7610669721,178048.55810816135,1.0114110416249942,BALANCED
10:31:35,0.2,8730864.092841856,85057.49045014444,258922.5906164344,1461433.2191531337,1459689.8043151011,6839.05088304056,180832.80769581092,492576.3654508454,2634069.3482653922,534984.5070861995,0.20310190672789297,RELAX
10:31:35,0.2,1216967.348701127,614497.7806689191,17.428768394975055,0.0,523566.39792423317,51166.51942190997,14.708749439966503,0.0,457870.6395346103,143686.90652389577,0.313815506209226,RELAX
10:31:35,0.2,2665372.09927665,1379619.3306567345,597908.9895648297,4920443.681650117,373453.0166227045,513300.79478338803,1319820.8700884802,253371.30780120715,2390836.025287083,614986.4973239449,0.257226547876741,RELAX
10:31:36,0.2,10045639.690805832,169803.8181054857,0.09081518405361105,0.005165815453412402,473588.0318364848,33200.00446698362,0.1714866429216936,0.004432695737832589,2553860.9012230793,126697.05305570176,0.04961000538244851,RELAX
10:31:36,0.2,0.3896531601565351,61225.06156418505,568420.8510848013,0.017576679381893067,0.45603552094233235,6505.754939371083,36549.70936632345,0.09752449284231222,157411.57996970645,10764.004466427079,0.06838127454472276,RELAX
10:31:36,0.2,90133.43594232423,543.602154721328,2248.86897578006,0.03593642758526773,180743.04335765028,693.4301580918614,878.4030931059727,0.05377601217424057,23231.4857523133,45578.73259621507,1.9619379097041403,FOCUS
10:31:36,0.2,1271510.3022967705,1817.9699940251774,6635.570293469203,0.1598880195108867,526832.0508384116,1355.3453438606946,3220.106471022694,0.05837783586194578,319991.00061807106,132851.8902577827,0.4151738330177279,RELAX
10:31:36,0.2,1453248.6546040361,7588.54601074664,2183.935634386726,403834.0425067989,396695.09917711007,1504.2203427790735,442.75600811202133,680841.9995062421,466713.7946889921,269871.0187585608,0.5782366448765394,RELAX
10:31:37,0.2,793823.0291264704,1116.5146553354582,378507.9052797444,416894.5519046016,142132.5476946258,20878.312792110704,78141.12123565248,283326.93871785817,397585.5002415379,131119.7301100618,0.32979002008474906,RELAX
10:31:37,0.2,779488.1395141652,310716.52081380895,300870.35260062915,3054510.499938579,473942.88188259833,39618.64976239836,197783.72805382838,359180.69690158934,1111396.3782167956,267631.4891501036,0.2408065154751636,RELAX
10:31:37,0.2,2906268.5536690773,10381.80156142698,12277.911467759519,2204165.1127596237,288421.78639620706,13583.42448659028,11764.446947556075,462644.73416491755,1283273.3448644718,194103.59799881774,0.15125662726152647,RELAX
10:31:37,0.2,43109.88523853781,27354.149063720415,166185.0124569044,258071.94914480424,12025.021999930928,12352.08152441434,51296.89193632858,177463.04280282804,123680.24897599171,63284.25956587547,0.5116763597246634,RELAX
10:31:37,0.2,92477.55123731284,221.56655525241482,56452.471531766656,0.06251799171910256,14376.089171800862,310.05937646943016,5913.765457843693,0.06839359335169266,37287.91296058091,5149.995599926834,0.13811434298752992,RELAX
10:31:38,0.2,3192.1201860588535,1543.4781621863783,5984.161965791615,0.03297449875878793,8516.45274740715,1243.3131780505612,1228.1880194647035,0.09483271610164869,2679.948322133902,2747.012194409629,1.0250243154772207,BALANCED
10:31:38,0.2,34514.069953653496,2361.6166519637522,2154.57375796793,205831.39673213006,11038.34267056609,243.05130800063057,351.42161491455386,305611.67135412956,61215.41427392881,79311.12173690271,1.2956070407691538,FOCUS
10:31:38,0.2,34888.51904084516,5111.223850801391,3278.905010613739,575154.7310426442,12094.76860772657,591.8556547338725,1285.9731334402716,213884.4921394314,154608.34473622614,56964.27238383303,0.368442418040362,RELAX
10:31:38,0.2,46423.54112271226,699.1668212235631,1421.1056099120424,603477.226482392,12992.9256366106,590.4953922524071,2514.489373471765,58839.67853636736,163005.26000905997,18734.397234675533,0.11493124352940672,RELAX
10:31:38,0.2,13961.587213085259,234.87848336169395,1047.8347681718012,2798136.436223541,9155.757534510187,435.50211946828614,355.24882851993357,8919.868768550918,703345.18417204,4716.594312762331,0.006705945272540092,RELAX
10:31:39,0.2,2211.557069885207,1916.3578340245556,4363.149596704552,44758.426097864096,11645.733708955837,331.4214050584016,1332.190107596333,64705.42749963718,13312.372649619603,19503.693180311937,1.465080169677285,FOCUS
10:31:39,0.2,110446.47158261218,1871.469879105865,1834.6554889577833,476434.3460699326,14336.697390639172,589.7234929807591,534.2674011017756,871262.4071877518,147646.73575515213,221680.77386811838,1.5014268533219695,FOCUS
10:31:39,0.2,2492.7634921942276,1799.7823732520833,314.92555466547293,171157.53961386107,11493.328844696554,966.1527757970238,358.867229750394,32122.897978812365,43941.25275849321,11235.311707264085,0.2556893807514958,RELAX
10:31:39,0.2,123802.30309526363,1986.9759918917923,627.2542712998985,315445.3468091745,7057.768721011144,113.77358895326849,4440.472688803693,56795.95075681421,110465.47004190747,17101.99143889558,0.15481753196186618,RELAX
10:31:40,0.2,8121.6397433454595,1463.8531100166897,2344.54799587946,488863.97190821334,2103.909199900936,269.2690925555299,254.10425117821976,112212.20256897133,125198.50318936374,28709.871278151506,0.22931481245209134,RELAX
10:31:40,0.2,7958.016364808896,4173.241325014959,3916.999424360155,5064772.754397075,4171.120210894545,779.9632377485381,1401.6428406097793,171412.28160734053,1270205.2528778147,44441.25197414835,0.034987457242410966,RELAX
10:31:40,0.2,8245.61922375996,6563.02168408436,1035.1424607554138,22141.569443566994,5795.90021554463,135.249244149771,1290.245725362412,12632.59305447752,9496.338203041683,4963.497059883583,0.5226748409501434,RELAX
10:31:40,0.2,3923.511181047285,709.8012492489783,2211.9062940883473,38356.30001348736,4573.4787773580765,349.63919735909366,344.87259724513416,64393.65597366318,11300.379684467993,17415.41163640637,1.541135087730131,FOCUS
10:31:40,0.2,9657.550716701337,6535.472378560908,1016.4881575646174,11192.464077262473,3102.2231154196293,347.0561806479953,2929.273735401868,869.5159361476336,7100.493832522334,1812.0172419042817,0.2551959461755623,RELAX
10:31:41,0.2,2298.584566360602,2955.6162939634473,475.16142062714266,831.9968628471698,1694.697694929523,190.5020028509209,593.7795684741927,4320.643310866314,1640.3397859495904,1699.9056442802378,1.036313121732986,BALANCED
10:31:41,0.2,18729.266674065468,825.5980150738372,652.1572613947757,6010.147784249087,13588.59651081529,679.3943134709378,617.9519362140121,3840.974139598247,6554.292433695791,4681.729225024622,0.714299716160928,BALANCED
10:31:41,0.2,39002.819400011176,374.22725287846333,3144.045276252994,1770.876445812554,4663.630314464434,208.72619045344177,1157.7983101301552,3871.3386863607116,11072.992093738796,2475.3733753521856,0.22355054120844908,RELAX
10:31:41,0.2,11267.861801712968,1241.8332369337602,49.2787456203106,16248.108195993755,7048.747425911907,239.74771870372797,656.7442353194889,3210.2297520161032,7201.770495065199,2788.867282987807,0.3872474532337286,RELAX
10:31:41,0.2,20448.18364593449,3598.7183565265223,888.2581606521003,1229.0063650154448,4871.0368099326615,185.55354208897313,783.9333778356469,3319.191412589314,6541.041632032139,2289.928785611649,0.35008625757671946,RELAX
10:31:42,0.2,10505.381932306373,33.42820424085828,781.245764451898,22104.956002381594,6027.452844093637,307.42013499633646,1315.795691424423,2926.134337869487,8356.25297584518,2644.200752095971,0.31643378434561187,RELAX
10:31:42,0.2,12353.376765839304,2878.9054495169867,1910.0651731241192,35062.972120649865,6633.940110150966,206.85618663487926,330.8249983364574,6493.697988831341,13051.32987728257,3416.3298209884106,0.2617610506447277,RELAX
10:31:42,0.2,16139.335398419422,1180.5621659322003,316.4973596821605,566.1864840200022,10984.692004898403,356.33458641295573,264.66230247460953,3460.8405084596984,4550.645352013446,3766.6323505614164,0.8277138865358644,BALANCED
10:31:42,0.2,836.0071403851168,8235.887826096578,917.8816649188489,839.9927195034517,6060.468671449241,1160.0973367042832,276.464130820663,4626.625733820744,2707.4423377259986,3030.9139681987326,1.1194749841817204,BALANCED
10:31:42,0.2,37954.227887331195,2315.428386411885,1800.0488429618006,11879.740746936122,6450.953132044518,154.8657558359622,132.79166785860323,2497.8772020636493,13487.36146591025,2309.121939450683,0.1712063508705587,RELAX
10:31:43,0.2,5611.44389359304,956.1517226288606,3193.5210967954663,5077.532569358496,2119.3146628969107,1092.7994821134782,963.5060688668099,1706.9356624294926,3709.662320593966,1470.6389690766728,0.3964347269325592,RELAX
10:31:43,0.2,27985.275991713723,640.1315719928726,658.9026105868808,4291.246529834465,5256.362462757654,384.77972561146294,285.89157114908414,4370.520112586343,8393.889176031986,2574.3884680261363,0.306697933941882,RELAX
10:31:43,0.2,45162.100979923336,687.2469076933154,1641.4795634213954,14997.711098687123,10453.561518280216,237.65500875456368,323.67262770759766,393.96372199053593,15622.134637431293,2852.2132191832284,0.18257512723960306,RELAX
10:31:43,0.2,1094.5121454543532,6240.359977421786,478.4949615867981,2805.3562989046986,5062.825696554018,1419.1843998332258,196.1774290451606,1339.9930115515278,2654.680845841909,2004.545134245983,0.7550983529284699,BALANCED
10:31:43,0.2,2679.7639936902247,3271.6156742095063,1385.2116467667597,60.95736178960386,4220.325950357973,643.7050450641194,17.105706916953533,2274.9123004070198,1849.387169114024,1789.0122506865164,0.9673540946775191,BALANCED
10:31:44,0.2,18597.420820627543,686.0503027772968,404.24064624867606,1374.7702540750759,3215.817796772213,248.32541335700216,473.7838962467492,1041.0225511963845,5265.620505932148,1244.7374143930872,0.23638950300174302,RELAX
10:31:44,0.2,2525.9816883506387,629.9092596944166,710.3036070196003,5509.2020967602875,4777.244658934012,140.2677008784467,361.1830597538322,2731.3465296878,2343.849162956236,2002.5104873135224,0.8543683266664687,BALANCED
10:31:44,0.2,27009.80928941329,12.612459834683923,39.171731847276504,55.44035070597476,4466.576016553609,308.9857191846275,90.278390962046,5502.523432736943,6779.258457950306,2592.090889859306,0.3823561095859176,RELAX
10:31:44,0.2,31522.078860831065,73.72564159403915,89.32516024710553,871.8567712327513,7394.121047267981,525.8070963711563,325.34744858220216,2973.105000063828,8139.24660847624,2804.595148071292,0.34457675052511333,RELAX
10:31:44,0.2,8491.912595854705,257.1925510952359,587.4334811428641,627.1346389966864,6318.568584027223,79.76751136434784,358.62628047947936,2028.2706619289277,2490.9183167723722,2196.3082594499947,0.8817263274597776,BALANCED
10:31:45,0.2,139.00050099881614,1232.8532475274603,176.094192879249,19291.475385985297,3299.183631518506,138.41897448563205,220.5036004218649,5799.166599365213,5209.855831847705,2364.3182014478043,0.4538164351870914,RELAX
10:31:45,0.2,24429.61587082114,1273.5442005331436,3594.3002051102117,19691.122364469153,3128.5432763614094,193.6333932520234,921.466363988181,3683.5248222318696,12247.145660233411,1981.7919639583708,0.16181664029629914,RELAX
10:31:45,0.2,20912.17691072399,73.30764720731425,164.24009411397756,6872.705083702208,2433.6836818472516,359.66036990492404,272.27199934856407,4466.011525202765,7005.607433936872,1882.9068940758762,0.2687713966036144,RELAX
10:31:45,0.2,18758.49976854199,874.5158774981717,548.451810536179,1548.578118125898,7770.955220714452,36.669620790097646,83.9187985111187,1838.9015935134366,5432.51139367556,2432.611308382276,0.4477876127814996,RELAX
10:31:46,0.2,11734.65971778388,1225.8885367322657,2366.9929883781174,12962.812388613362,1887.8336759144652,313.3404161794658,92.52475682204124,2869.619645417018,7072.588407876906,1290.8296235832477,0.18251162787100983,RELAX
10:31:46,0.2,2349.5887215378834,784.8008782770988,381.14773619278816,37224.8508513721,4506.117049902209,470.7893256175501,176.61742664516586,2571.742226305368,10185.097046844969,1931.3165071175736,0.18962180706131182,RELAX
10:31:46,0.2,4908.49354804477,114.63713038267544,1.7143298263501117,2582.7281468282135,2641.5321816034407,166.8766029697693,148.53995545353973,2652.8076608579486,1901.8932887705023,1402.4391002211746,0.7373910557977704,BALANCED
10:31:46,0.2,44292.537727401614,900.351362513909,297.8996314430843,13771.469991831376,5845.697706138912,298.45766792006793,99.93185223541111,5678.052737891201,14815.564678297496,2980.5349910463983,0.20117592921803512,RELAX
10:31:46,0.2,5021.614097396983,523.3260832479664,443.13881624146734,3070.4708859311195,1220.42829530271,159.4051350028455,314.4823863820531,1496.4964374364972,2264.637470704384,797.7030635310265,0.3522431620293344,RELAX
10:31:47,0.2,5631.215187002171,162.68265298503218,871.0523618343701,56821.966689894034,4483.176039528076,199.3818118508316,70.90658237037321,2250.263219345332,15871.729222928901,1750.9319132736532,0.1103176527699446,RELAX
10:31:47,0.2,1278.9601299080134,308.66532534806845,613.7508180019737,17793.39111783088,2162.740697830716,266.6375314994569,162.31906163526,2365.427585799716,4998.691847772234,1239.2812191912872,0.2479211075480873,RELAX
10:31:47,0.2,10166.813982529182,2188.781172642366,1696.0952036774477,70404.1307883439,2619.601652929118,354.5868867150081,150.23815242824205,4695.1985898926205,21113.955286798224,1954.906320491247,0.09258835182404586,RELAX
10:31:47,0.2,3425.6330742554937,776.7953397981161,1014.3636031811045,8873.004877675134,4138.421527472649,78.73897698650063,155.42882512405563,9012.572507521238,3522.449223727462,3346.2904592761106,0.9499896937435651,BALANCED
10:31:47,0.2,17180.69013917791,41.42796510605658,1076.9165751698424,5651.623261492746,1177.4272306439382,218.51938597943635,288.29857258549293,1103.5258132196793,5987.664485236639,696.9427506071368,0.11639642674126768,RELAX
10:31:48,0.2,14311.276785938278,1627.0404541888454,2564.1782358035634,690.551614054387,3378.7583299305784,73.44040482748281,240.2508349180664,5819.671457748406,4798.261772496268,2378.0302568561337,0.49560244305282597,RELAX
10:31:48,0.2,3504.1572316280417,276.4954162966647,1622.6923023124107,7889.635099663114,1647.027915834475,275.9722743404633,280.82181079410515,6165.84104407327,3323.2450124750576,2092.415761260578,0.6296303021311711,RELAX
10:31:48,0.2,14541.285258742551,809.14120802133,247.02270410191707,917.8457318450319,6675.424047158155,111.78263814960037,553.3737776256906,4949.304216627003,4128.823725677707,3072.4711698901124,0.7441516940483565,BALANCED
10:31:48,0.2,27054.0545652334,835.799745917598,937.2432542914705,18154.770984005303,2725.1525402751954,112.46732812260761,976.5933126124959,480.5402027668099,11745.467137361942,1073.6883459442772,0.09141299646813622,RELAX
10:31:48,0.2,299.4994503047458,127.75667825690402,377.9785440628187,21097.05590119098,3069.8562155820596,8.908216761865896,132.24124355581398,5036.357196315257,5475.572643453862,2061.8407180537492,0.37655252743632467,RELAX
10:31:49,0.2,11090.62736919868,158.68444567392717,4682.615235487909,17807.04452606412,1916.2784052169093,40.33538114689346,2738.454017313825,8380.088881699654,8434.742894106159,3268.7891713443205,0.38753868521925094,RELAX
10:31:49,0.2,14253.03540644389,184.59648982498652,1163.6902034531156,24577.652986138935,5389.959642049652,225.08029288119022,271.4532707253788,6269.5085247701345,10044.743771465231,3039.0004326065887,0.3025463368453139,RELAX
10:31:49,0.2,993.8498488317867,195.50523661941682,185.65438014458806,20922.92997267119,3001.7061589908003,86.14772033483466,28.86554145867464,5629.725689808769,5574.484859566745,2186.6112776482696,0.39225351449213824,RELAX
10:31:49,0.2,2520.7509706415913,193.1327029290526,295.85800090858953,16332.784683164078,670.3522099217768,22.618354660415225,468.194707636173,6374.195816046865,4835.631589410828,1883.8402720663075,0.38957481297615437,RELAX
10:31:49,0.2,14160.741638690062,1051.4227474424954,202.510917861945,8565.78833665755,5570.189711541967,161.23685433473483,79.39638309798364,12442.06195958831,5995.115910163013,4563.221227140749,0.761156463948446,BALANCED
10:31:50,0.2,9285.880807346035,196.6479061291138,739.2107677931086,21213.258769007076,2314.6784800518703,25.70312333887701,29.157135418432574,3651.604383179761,7858.749562568833,1505.2857804972352,0.1915426580924401,RELAX
10:31:50,0.2,17113.62216192958,769.3783325285094,23.594278822652704,46087.719170674274,4820.534982583403,65.2127683877025,58.673071132788856,7491.92875089682,15998.578485988754,3109.0873932501786,0.1943352277187037,RELAX
10:31:50,0.2,28420.081047424745,97.05177823494323,790.7103778451084,31205.82597843968,2145.52007166128,60.17613284161326,137.10511880377678,17656.952616004255,15128.417295486119,4999.938484827731,0.33049977318642365,RELAX
10:31:50,0.2,15264.894980698404,123.10340439742454,132.2269481476952,2110.513518102796,2906.2722165719224,51.28127232571567,244.2346887880225,25518.010203970047,4407.68471283658,7179.9495954139265,1.6289617028422267,FOCUS
10:31:51,0.2,8890.262896415044,257.0594713897983,67.77287832356859,65376.00345257035,654.2144090296146,114.99104003753855,197.6930915151078,17963.03354229692,18647.774674674693,4732.483020719795,0.25378272224336346,RELAX
10:31:51,0.2,3753.277933117369,757.1266537723704,508.40662803949743,60999.16987189984,2093.9649703141927,115.27186209301067,102.79307757767242,16252.03848544811,16504.49527170727,4641.017098858247,0.2811971540150084,RELAX
10:31:51,0.2,10357.46342156668,787.5023563413321,263.49930432797686,26463.538262435457,2880.4684728225147,431.9675497005547,22.252986407738945,18532.097607185646,9468.000836167861,5466.696654029113,0.5773865833583659,RELAX
10:31:51,0.2,2181.8936819223627,225.7682646088396,449.3080949102632,31319.079209854903,1447.0740083645142,183.35850170622916,168.28213449124112,6506.728554354801,8544.012312824092,2076.3607997291965,0.24301940630547703,RELAX
10:31:51,0.2,3060.8955564759403,84.20853273778862,556.7843377482723,63462.70064646186,6322.30825937217,93.44108509397182,224.0608553076091,14039.971999950496,16791.147268355966,5169.945549931062,0.3078971000197329,RELAX
10:31:52,0.2,5264.215090177276,121.59367339391363,107.11469843647232,9094.966569158545,2319.5427533564357,105.59938014464781,251.54484717645323,3794.8453854288477,3646.972507791552,1617.8830915265962,0.4436236050779324,RELAX
10:31:52,0.2,3652.7455012426044,276.16977450074694,119.13995704224196,65927.56166496994,3467.2339961711155,61.862145895080836,85.42973030585757,3395.476191290105,17493.904224438884,1752.5005159155396,0.10017778155360577,RELAX
10:31:52,0.2,2368.4168530949587,512.4273601091122,606.0643081169059,155756.5302802669,1919.3822381808357,85.49946666571616,311.9720223544627,23442.314893620554,39810.85970039697,6439.792155205392,0.16175968576587102,RELAX
10:31:52,0.2,212.60867065574826,729.3914883294412,55.80725399818734,24052.800847252784,702.827825542014,90.87123267444565,69.14073009641722,1305.125992649749,6262.65206505904,541.9914452406565,0.08654343872375847,RELAX
10:31:52,0.2,2709.050340352229,95.41735668644128,649.5853966513845,90356.28935886067,3356.891582159882,161.09729599285544,361.946548704255,11228.448030226617,23452.585613137682,3777.095864270902,0.16105242835805048,RELAX
10:31:53,0.2,5687.568763378284,982.7906936667189,570.5015034567468,6875.991501523532,1820.047101353918,244.52859697892197,219.91044033543838,32648.137887581022,3529.2131155063203,8733.156006562325,2.474533478352842,FOCUS
10:31:53,0.2,11093.39152803607,88.66586635906346,242.81564397191622,37885.25312080844,2812.21473330003,105.66354121521714,101.62514405263501,7197.950822776814,12327.531539793872,2554.363560336174,0.20720803285642095,RELAX
10:31:53,0.2,13117.68228817166,171.07240528921938,111.47813274603645,44641.86316402948,2158.1852253041684,57.091580209593076,95.66512356869816,17833.48331381295,14510.5239975591,5036.106310723852,0.3470657787114377,RELAX
10:31:53,0.2,806.1676434417528,29.095300298976873,4.910763447681073,28767.977893178406,1335.9383853656373,30.00702669695315,111.58797768236117,9601.560464232754,7402.037900091704,2769.7734634944263,0.3741906622040008,RELAX
10:31:53,0.2,12221.485381058954,1282.8217954262416,775.4387096953989,21672.28828092622,8804.908855588157,132.87526198165682,26.847956988044473,39352.65461129854,8988.008541776704,12079.321671464098,1.3439374935302764,FOCUS
10:31:54,0.2,17489.04881923984,372.45179598882254,48.52933967614549,73290.01378970889,2619.457364418911,64.54466594787806,158.27799595833804,11563.137685036707,22800.010936153423,3601.3544278404584,0.15795406580835794,RELAX
10:31:54,0.2,508.82627743537626,1704.7960850107827,116.81533528081138,61633.98892645452,3549.828538184098,94.63958364547773,89.0657073343397,6266.389263949753,15991.106656045373,2499.980773278417,0.15633569502416578,RELAX
10:31:54,0.2,3222.8486800467795,445.68379542666486,221.85688802218502,15631.464145041984,2880.1395642841903,147.71879520971652,219.26918545445005,12628.221290721494,4880.463377134403,3968.8372089174627,0.8132090955772712,BALANCED
10:31:54,0.2,9401.057986166094,389.5172646344253,335.4350096272002,35108.32498645326,4244.528844394742,132.42307089193545,259.77515440924503,5727.483189073919,11308.583811720246,2591.0525646924607,0.2291226388583765,RELAX
10:31:55,0.2,9954.12827790205,345.9490182907993,297.4986513495974,38389.149994251755,2061.9932799292205,170.98993576488067,138.35463846061737,10687.267015003903,12246.68148544855,3264.6512172896555,0.26657435495229453,RELAX
10:31:55,0.2,7712.619531090059,76.34533494323367,486.7947288222298,47059.057843342845,2652.184124931884,190.220693755036,79.01895818484236,4861.975089566714,13833.704359549592,1945.849716609619,0.14066006226787497,RELAX
10:31:55,0.2,686.0796900082647,78.11632707047703,416.7816072934946,6767.465240577116,1357.132025867568,75.64240676401602,304.63808505986015,8789.476498252301,1987.110716237338,2631.7222539859363,1.324396387418811,FOCUS
10:31:55,0.2,316.00774502158595,189.77208013189332,17.923157273154498,34209.8617295309,1099.8281657808866,127.83661532541107,43.637448972980415,9302.329232661767,8683.391177989384,2643.407865685261,0.30442114278874804,RELAX
10:31:55,0.2,4812.344860474552,467.59851597525426,113.7076520577969,834.8726444155056,6595.824047448906,202.40187476880388,182.79450873184396,13420.71755858867,1557.130918230777,5100.434497384556,3.2755335069575944,FOCUS
10:31:56,0.2,3342.643193183978,66.73245500238386,982.7380978040461,760.374392968535,2778.371941401627,111.2249893868825,173.05411656236564,2600.7914031903388,1288.122034739736,1415.8606126353034,1.099166518738558,BALANCED
10:31:56,0.2,1215.2980709137732,441.5942915424608,585.5474686760117,972.1174001236316,949.4360931684241,188.5828286314759,19.461357215458566,12451.098597224956,803.6393078139693,3402.144719060079,4.233422489393246,FOCUS
10:31:56,0.2,3271.1568760881582,22.603609353103188,614.143383562492,7517.730795290093,2290.13374819906,91.21219465119293,112.59780670492334,13537.335975856486,2856.4086660734615,4007.8199313529153,1.403097525558985,FOCUS
10:31:56,0.2,756.8044182531685,222.47790668365548,365.69293299972225,12592.309332380877,884.5727725910315,16.703589353016536,37.4572742944052,7513.248980893609,3484.321147579356,2112.9956542830155,0.6064296500771652,RELAX
10:31:56,0.2,231.2177642256916,21.60868980624334,63.39094677805215,70006.8461375006,831.1529513340002,45.363220284163226,41.81651243171023,2194.443849904539,17580.765884577646,778.1941334886033,0.044263949511508915,RELAX
10:31:57,0.2,2882.407809538628,621.9007546253483,454.5302857041183,4343.823451809505,1526.9901371886892,90.55008073081912,111.6710799258405,13677.008106679348,2075.6655754194,3851.5548511311745,1.8555758195069292,FOCUS
10:31:57,0.2,8984.842130010848,39.14221673931466,411.9678947520419,21824.371161501072,1469.5312798889765,105.08763761150702,292.327215552657,2971.5051001917273,7815.080850750819,1209.612808311217,0.15477930829020223,RELAX
10:31:57,0.2,844.8933590341953,414.8803147952805,248.69039166181992,67258.86521368062,1857.8953877000204,141.58292222111888,87.23848830478947,2331.597255663604,17191.83231979298,1104.5785134723833,0.06425019119112048,RELAX
10:31:57,0.2,11475.43749900356,304.7221496887869,586.208219646776,39870.10765661601,1032.6290810355868,220.15606176743063,158.86681450399692,2442.3281025753827,13059.118881238785,963.4950149705992,0.07377948112217525,RELAX
10:31:57,0.2,1533.6318654875954,145.3299674477306,1719.1851628633035,4710.290227626043,1176.1522084676324,167.73869677408757,121.31307336214151,9113.739319175123,2027.1093058561682,2644.7358244447464,1.3046833818010213,FOCUS
10:31:58,0.2,2251.0412940307783,245.88317857869916,248.96763298787096,12975.473561640263,607.2995911035102,105.2767282269035,38.53845788763001,1737.2130849273829,3930.341416809403,622.0819655363566,0.1582768262512304,RELAX
10:31:58,0.2,2992.7666505285792,1189.9127412271293,1869.449741712587,4681.687562680796,1056.741015645487,166.2191624371906,539.1120752930366,17882.02746182145,2683.454174037273,4911.024928799291,1.83011320868231,FOCUS
10:31:58,0.2,65228.01934983876,2943.4849933888636,214.68150396561657,26489.92109614304,4128.252235837775,308.95446776433045,334.71264702497507,6554.181719426279,23719.02673583407,2831.5252675133397,0.11937780158726104,RELAX
10:31:58,0.2,772.6398449062482,729.5039439802634,673.0251635157293,52074.446481974366,2475.2232276940467,110.01551954607864,135.2775504611827,5977.659043879293,13562.403858594153,2174.5438353951504,0.1603361659236535,RELAX
10:31:58,0.2,11583.330101740581,573.9197329584222,434.67140957022355,10408.985008077962,893.5027636741629,473.89395229148545,285.484810788319,5155.395541629078,5750.226563086797,1702.0692670957615,0.2960003833626459,RELAX
10:31:59,0.2,5604.074133967192,792.7717565150988,99.12071464380061,234916.63805812065,4739.675710403821,2501.2832400277825,1113.6480568131735,18545.431414699247,60353.15116581169,6725.009605486006,0.11142764670248949,RELAX
10:31:59,0.2,855235.5399649224,19671.56948622479,384446.27593925304,1344895.177429191,343837.50021125283,4182.9843678237075,55524.85672270446,462623.71264042816,651062.1407048978,216542.26348555228,0.3325984571167114,RELAX
10:31:59,0.2,1571351.8311373962,0.007712374607865097,566552.6497237502,1051705.0765227606,180957.72414623678,0.013726165590932224,218503.30026070846,552679.9082818949,797402.3912740704,238035.23660375143,0.29851332176647283,RELAX
10:31:59,0.2,61601.75342106164,2190472.614839264,1433314.1436776074,0.028254033307914168,61570.292242008116,423556.88369606785,506696.049700682,0.01892487748338,921347.1350479916,247955.81114090886,0.26912311517416637,RELAX
10:32:00,0.2,1937955.455270764,37376.8449028515,4.675385036846319,1121039.0569148462,367212.00988505146,36274.023827905155,3.75798309395802,933275.98673316,774094.0081183746,334191.44460730266,0.4317194566841267,RELAX
10:32:00,0.2,649266.9155191601,629371.6608464269,12761.66186921591,506103.58810150105,105852.05212718865,37829.915163444995,8145.945651239224,346535.2717168287,449375.956584076,124590.79616467538,0.27725292005328966,RELAX
10:32:00,0.2,303883.49484015285,93541.75890782815,4751.110825313942,8550456.214568222,225249.56065625616,9515.324419201042,2353.392461035868,939055.9457498929,2238158.144785379,294043.55582159647,0.13137747058074523,RELAX
10:32:00,0.2,962507.918897034,1847.244917119682,5490.029000792624,2074690.0183793537,714370.4584248209,600.6187147610807,3778.359239286412,1305455.201911446,761133.802798575,506051.1595725786,0.6648649129915191,RELAX
10:32:00,0.2,72674.25193755447,1621.8139392849253,4200.094113054739,0.00991652392696527,9312.03166487469,349.13428855141524,1684.7074334997117,0.06829950949051522,19624.042476604514,2836.485421608827,0.14454134131591093,RELAX
10:32:01,0.2,1109045.1213851694,2039.2758807402154,32600.340256877942,894457.3501495761,140503.85501785204,1830.5095256103011,2227.502151500505,213101.51727419812,509535.52191809093,89415.84599229024,0.175485009672523,RELAX
10:32:01,0.2,106346.56109419865,33687.48870741354,58013.827494268844,1.2664432276243969,12387.54753533433,3425.557532349294,3570.491912809173,0.20684351925131783,49512.28593477717,4845.950956003012,0.09787370678838404,RELAX
10:32:01,0.2,4610.364060236115,1214.2968312794426,82643.54021194554,339780.98854911077,5824.531131029625,427.49677734330976,11526.801420832826,47875.06095979582,107062.29741314297,16413.472572250394,0.1533076813111193,RELAX
10:32:01,0.2,738853.8127768608,1843.9437977952093,9546.730196811133,716467.2279784051,512400.8163953439,532.4945439919596,1905.1466620224044,537614.0108054032,366677.92868746805,263113.1171016904,0.7175591889141235,BALANCED
10:32:01,0.2,951750.7304637274,1601.8214997592179,4973.601406430537,2714858.940173719,261090.95436420248,312.81037610323864,3263.3749957011173,804954.458553457,918296.273385909,267405.399572366,0.29119730453266285,RELAX
10:32:02,0.2,26192.027218489366,1533.2229335326783,7658.570564572632,211635.1505763428,8779.100442975692,609.0311551954593,656.2432505996672,216714.2894415426,61754.74282323437,56689.66607257836,0.917980765215812,BALANCED
10:32:02,0.2,12614.723398487766,3231.6610909014557,429.2961720446139,128322.34356928307,4188.667041547556,300.11064622276473,328.9603516735735,21145.1815106414,36149.506057679224,6490.729887521324,0.17955238107997606,RELAX
10:32:02,0.2,3452.5516268064703,802.1021156716334,5487.709103779671,337146.3175184686,1528.4226565074434,461.5167971930518,172.90746186454024,38040.43839483285,86722.17009118159,10050.821327599471,0.11589679221624434,RELAX
10:32:02,0.2,11258.112912234365,3565.430615453083,9937.696433358353,30172.079568540124,1554.3230636598407,702.6174971269021,4456.558297055242,10193.619131015359,13733.329882396481,4226.7794972143365,0.3077752834461702,RELAX
10:32:02,0.2,883.0076545827599,3687.6439905286124,237.0373303191046,124292.95983802213,773.2660368804947,439.8032473615671,721.203415055079,12675.257436089649,32275.16220336315,3652.3825338466972,0.113163878490628,RELAX
10:32:03,0.2,7974.0408598876265,3391.864784349174,4222.415501865008,21803.717205342084,1779.208998002173,367.0969438516631,755.0836514579041,6034.6075800377175,9348.009587860972,2233.999293337364,0.23898127963394097,RELAX
10:32:03,0.2,19837.498970180117,2645.7543900876863,458.76505779979794,85495.47175570327,650.3942122434263,201.64430264840624,438.7504254748346,26226.462300246512,27109.372543442718,6879.312810153295,0.2537614177210929,RELAX
10:32:03,0.2,2577.402032666288,460.65674940890307,4257.373758585612,22196.88971843177,662.693178620094,541.1272788098291,1098.839759832228,5185.3089481693505,7373.080564773143,1871.9922913578755,0.25389554269918296,RELAX
10:32:03,0.2,341.8003282801926,1040.747485932998,24853.01091707976,4188.515287123915,2343.0487442501626,247.37571625690248,10173.329794256699,1259.55342741761,7606.018504604216,3505.8269205453435,0.46092800305746445,RELAX
10:32:04,0.2,8699.802556695246,101.08884271399012,2011.3724399293303,2891.334512024227,1986.1111580656968,172.2525823124856,442.24089626954384,3030.05920526057,3425.899587840698,1407.665960477074,0.4108894392215121,RELAX
10:32:04,0.2,4274.833744312634,111.77421598567537,1382.1334856691494,20617.068030737824,757.7048663738173,119.39624370308336,149.39547511226817,539.3263616838525,6596.452369176321,391.45573671825537,0.05934337349988859,RELAX
10:32:04,0.2,8240.368020990967,968.2004733755738,516.921357400858,14812.446268297394,2041.413110631017,397.8180974123318,67.48118800992249,1352.067001246523,6134.484030016198,964.6948493249484,0.15725770001269385,RELAX
10:32:04,0.2,2700.730053183578,1073.852443880201,536.2785617845151,3898.503913407829,2282.385645718118,548.3109091092738,232.31894494769844,5742.601476647792,2052.341243064031,2201.404244105721,1.0726307097055396,BALANCED
10:32:04,0.2,486.109669221175,636.4887804876444,1489.2474404657262,1360.9281415106211,2666.6313538864715,123.25870729133403,1031.8056646604798,1019.4294214462874,993.1935079212916,1210.281286821143,1.2185755113867047,FOCUS
10:32:05,0.2,6340.124651675729,345.5231617381329,47.15001336039852,7090.305791100009,305.25985182833904,251.90918798773464,368.6747813149528,1305.5957464374517,3455.775904468567,557.8598918921195,0.16142826019788103,RELAX
10:32:05,0.2,3809.1216283174263,482.4358092003056,266.9932827584213,2916.665254946916,1300.7549814387155,430.85513406643605,150.47360086146537,911.8430113666603,1868.8039938057673,698.4816819333194,0.3737586628926669,RELAX
10:32:05,0.2,159.21107214082366,3094.639249768285,614.2928979371469,1072.0010225573599,1502.5116878283159,244.89123762126792,266.6453404064145,262.1408627801853,1235.0360606009037,569.047282159046,0.460753576605834,RELAX
10:32:05,0.2,34.67804430282096,86.54440601048704,1872.837866509015,12988.603809456969,412.2908174833806,295.4560090239186,223.1256839451964,2372.544310123108,3745.6660315698227,825.8542051439009,0.22048260527855504,RELAX
10:32:05,0.2,1143.9581432887992,169.1517139713378,435.07644259823815,4051.81903014501,2553.7364629423087,59.35002934835169,130.0261063596307,1753.1660860733473,1450.0013325008463,1124.0696711809096,0.7752197504827145,BALANCED
10:32:06,0.2,1526.181942021653,2409.4903463274154,427.0501015641721,824.4061513558902,573.3273717703426,159.4488505430825,851.8974302887963,690.4588921186859,1296.7821353172826,568.7831361802268,0.4386111750691747,RELAX
10:32:06,0.2,8066.140369775377,564.0121225834873,310.48210464855936,1928.3115732317146,1121.9167262001804,244.21657217914935,228.63317193565354,9947.25859672205,2717.2365425597845,2885.5062667592583,1.0619267853806185,BALANCED
10:32:06,0.2,873.0704986403117,3933.2615475047432,1407.483808839922,1167.9454155775616,810.1593006152499,1158.393958493188,676.088760942418,1507.8572200678107,1845.4403176406345,1038.1248100296666,0.562535022187492,RELAX
10:32:06,0.2,1759.8651075503878,402.7963468643017,543.1878618954719,463.5307428184678,2059.1572395790463,157.56710710801184,334.83748517739997,2426.972848720334,792.3450147821574,1244.633670146198,1.570822869994822,FOCUS
10:32:06,0.2,3290.3035710283534,745.3631786498815,369.86383490078384,4824.715459311261,1097.4583449229165,392.0702009785432,738.1681594625696,1530.9691708827875,2307.56151097257,939.6664690617042,0.40721188345079573,RELAX
10:32:07,0.2,6219.978646018922,1069.647428407314,5858.251394407699,813.9779396110551,1319.51491469525,297.4162256969633,733.7466575296427,878.4709982834174,3490.4638521112474,807.2871990513183,0.231283644024281,RELAX
10:32:07,0.2,1160.3538520409647,412.2372826236804,874.0909954861668,4274.098826913584,2567.911607881793,864.7223099308225,1440.3192047889627,1978.2093724816452,1680.195239266099,1712.7906237708057,1.0193997600653506,BALANCED
10:32:07,0.2,1317.7581795702863,2336.1186772201695,1737.5984980490105,527.2846518391839,2391.8965588186666,219.06919702021162,425.12579867470026,646.5196276629046,1479.6900016696627,920.6527955441207,0.622193023204366,RELAX
10:32:07,0.2,6721.882224151951,222.0319683043237,1875.4758745644608,1461.014360662697,1387.9178173233886,143.30093481356928,480.0786425585277,1491.3570666115374,2570.101106920858,875.6636153267557,0.3407117381369698,RELAX
10:32:07,0.2,8788.935249930217,597.5655829036174,1189.218015199225,3635.502911953685,3042.329307572328,175.2702116649057,667.7620333435883,4327.091584765646,3552.805439996686,2053.113284336617,0.577885087999227,RELAX
10:32:08,0.2,344.57973093925597,2326.1873853077027,871.8181183724545,13839.857445138894,1043.6809604515595,542.8336426396372,899.8900277212646,814.9004555056894,4345.610669939577,825.3262715795377,0.18992181634877414,RELAX
10:32:08,0.2,2671.8825214335848,3747.3840858340527,9813.358548281527,15197.01286395467,2973.7309046411824,2122.0702977470523,2922.479936738168,3944.0211943065165,7857.409504875959,2990.57558335823,0.38060579399640704,RELAX
10:32:08,0.2,5755.17122520781,964.2310736901761,4077.1094594093192,69.11277406177565,563.5057927609456,119.75069404784334,869.8401045524652,1991.4006569646162,2716.40613309227,886.1243120814676,0.32621201273490424,RELAX
10:32:08,0.2,1516.5029652138985,55.20745809880194,4977.290685365088,18376.87201959595,2148.166323751078,44.92630985125692,77.39673061826939,1640.176032536553,6231.468282068435,977.6663491892893,0.1568918118387291,RELAX
10:32:09,0.2,2938.410806114824,68.17022575096576,461.63072060832224,3246.4511139093815,529.8966635203313,144.2277822252989,649.8777522250156,1239.1716693572296,1678.6657165958732,640.7934668319688,0.38172785712894575,RELAX
10:32:09,0.2,10060.246132688246,2979.1213114565185,414.3460211255294,2331.215857234315,1304.1823647075112,454.70891155146984,96.89867588694273,1600.9466882969816,3946.2323306261524,864.1841601107263,0.21898968122173523,RELAX
10:32:09,0.2,4792.0483714479415,468.4064603788399,180.6307356686516,6145.854866394524,852.2011073115419,157.79442281791344,152.42334721316175,1788.4360327345282,2896.735108472489,737.7137275192863,0.2546707585935597,RELAX
10:32:09,0.2,4657.308494527324,99.74532665048753,124.56899975993362,2292.6928984461997,850.2739311955517,154.54302875871718,460.30587897359504,8539.774394911778,1793.5789298459863,2501.2243084599104,1.3945437621051275,FOCUS
10:32:09,0.2,10356.713591011696,368.312035620147,1155.4673048639718,11801.79227193856,2323.764457444044,120.81833439977731,551.8593226633792,1840.558159513317,5920.5713008585935,1209.2500685051295,0.2042455038637514,RELAX
10:32:10,0.2,13057.903137918538,25.97927905371024,1170.4482227302026,875.9819033209176,2288.4166892687467,199.1737964962118,151.42628607233635,5350.38865675781,3782.578135755842,1997.3513571487763,0.5280396823183301,RELAX
10:32:10,0.2,1508.4195649933647,118.47119277397265,773.0680616030133,1611.112465236705,2562.302676033426,292.27496694653746,1224.67563999506,3773.2999077505624,1002.7678211517639,1963.1382976813966,1.9577196797425807,FOCUS
10:32:10,0.2,1955.357707089217,1070.005415301564,1999.7440927098771,643.2974191112261,3732.712274819225,226.10416168674124,453.3567337456279,1621.9439484044206,1417.1011585529711,1508.5292796640038,1.06451770966329,BALANCED
10:32:10,0.2,7319.1406463530875,1624.3688053154297,460.0629803653017,241.5043749020104,4091.835294032142,60.519032645920106,122.75747998165615,1635.1395387835962,2411.269201733957,1477.5628363608284,0.6127739015197079,RELAX
10:32:10,0.2,235.7083137644257,935.3483642522186,775.3823870241758,9036.264150309853,2842.3857757819937,170.94184908637172,524.5799717644746,2029.7689433392582,2745.6758038376684,1391.9191349930245,0.5069495579367091,RELAX
10:32:11,0.2,2697.6346265719594,163.30374000713482,2553.1572805526785,8215.820628499449,1952.024490215792,316.0815517302455,1297.250349564169,4708.493962887786,3407.4790689078054,2068.4625885994983,0.6070360365448993,RELAX
10:32:11,0.2,1921.8883793125772,333.2144990177937,798.0511859201206,4774.027916960411,1103.8487132741197,70.05850216567946,437.13966466458874,2266.284543635297,1956.7954953027256,969.3328559349212,0.4953674813038962,RELAX
10:32:11,0.2,4100.5319880555535,1728.479646726178,3131.5951543286874,3846.6565049713936,1024.5178251210418,165.45452092219477,73.69160007397302,626.0233140117929,3201.815823520453,472.4218150322506,0.1475480917927423,RELAX
10:32:11,0.2,4131.447251503033,1647.37027863917,2601.308431205113,2171.2976800513293,2383.0175659681013,523.7909674600495,460.2825666458677,1837.6680067483576,2637.8559103496614,1301.1897767055939,0.4932755316923715,RELAX
10:32:11,0.2,9097.567192180757,359.65882530547947,765.8463090708369,2129.2896905240127,4786.770256439875,124.0385952523798,1032.614142369921,838.1912383753338,3088.0905042702716,1695.4035581093776,0.5490135589500827,RELAX
10:32:12,0.2,1065.40764834996,57.15550869755731,10096.136258112516,7459.532254118805,5050.02128211049,136.941248156156,6377.1137437363,984.821937127414,4669.557917319709,3137.22455278259,0.671846159386183,RELAX
10:32:12,0.2,275.12585968114826,710.6263191910485,19168.3523767799,3184.493862381592,1748.6452104452085,114.9348623753484,7422.192088585513,2091.5657632028106,5834.649604508422,2844.33448115222,0.4874901963186287,RELAX
10:32:12,0.2,2465.413328150859,305.3112526644075,311.22778714681755,3174.601347487426,1173.0771149421248,276.448002530609,156.32331240004677,1087.8455633778742,1564.1384288623776,673.4234983126637,0.43053957749919564,RELAX
10:32:12,0.2,7051.494524517134,270.09527592258627,895.1448806134217,552.8920291862642,2120.0994895191066,239.43818119718586,357.59390337332115,2227.175834434773,2192.4066775598512,1236.0768521310965,0.5637990728557943,RELAX
10:32:13,0.2,4885.652829849351,1013.8485400998729,688.2593512485378,2902.5941083831003,2773.588205019659,386.594954906239,281.4471047513022,5528.683440370369,2372.588707395216,2242.578426261892,0.94520319483605,BALANCED
10:32:13,0.2,5122.043444351991,442.01123770962994,246.19565935370295,3126.296441761353,1971.364226288569,176.6694967368039,73.2214846689534,2300.7379027964353,2234.136695794169,1130.4982776226902,0.5060112390396201,RELAX
10:32:13,0.2,4245.556060672837,549.0200954892063,416.58605751617364,747.4010263100836,1134.2399940407386,61.26839491644404,268.5278050240512,1429.8672412794576,1489.640809997075,723.4758588151728,0.48567134705217524,RELAX
10:32:13,0.2,1146.4021352131738,419.2683231112849,1318.1272191010303,30039.49946048187,882.7616824641103,62.405910758820646,440.41176843101243,1973.1638079571965,8230.82428447684,839.685792402785,0.10201721764203066,RELAX
10:32:13,0.2,4190.3632400753395,289.25684920039964,716.3112451361924,12799.40699454687,1896.9769350701206,81.81324561470123,559.5255436995288,922.9388852652647,4498.8345822397005,865.3136524124038,0.19234173575273264,RELAX
10:32:14,0.2,2355.5747265964505,881.9294067247049,2520.3912029423764,337.7253665732525,411.1280245298817,228.1424006787934,334.350011677041,2231.409871496427,1523.905175709196,801.2575770955358,0.525792280167725,RELAX
10:32:14,0.2,3960.7254328317417,185.5441778981939,183.6135633788878,4725.129369996753,1458.3406184252942,457.64008032410607,321.3028874551621,798.5820909052376,2263.753136026394,758.96641927745,0.3352690747055915,RELAX
10:32:14,0.2,1912.7257988904341,920.9986533927156,234.8113562479551,2431.9273210971587,4201.395615632473,344.0007291450077,349.30487551260825,3162.4043608187785,1375.115782407066,2014.2763952772168,1.464804943007297,FOCUS
10:32:14,0.2,2667.5910690146316,257.8529207827913,291.5904716185741,7736.932887248446,598.4474312704268,153.39187923601864,370.00389685479905,2468.807262555328,2738.4918371661106,897.6626174791431,0.3277945200698778,RELAX
10:32:14,0.2,14068.687571641807,1197.166987891918,756.6035561968557,3095.7891230054356,455.4611502908238,306.6930767389136,98.63119519488572,759.0897837582761,4779.561809684004,404.9688014957248,0.08472927385837048,RELAX
10:32:15,0.2,7656.027234641235,2783.9200922098507,9939.04829201258,250.70778030847086,4086.738027299373,2679.412271404722,4768.794468599145,3773.968141447794,5157.425849793034,3827.228227187759,0.7420810960067112,BALANCED
10:32:15,0.2,2711.6438176132683,643.9786690625266,389.3429681835172,16306.860763288369,1380.245732484362,108.54265193972748,201.6525130290572,1100.1415424705358,5012.9565545369205,697.6456099809207,0.1391684931618895,RELAX
10:32:15,0.2,6200.780570040324,469.62979307673425,494.4439499275563,6087.87857558736,503.88667945876824,105.78678575439763,196.89455438080185,1302.078425435792,3313.1832221579934,527.16161125744,0.15911031051101393,RELAX
10:32:15,0.2,6000.9185217394615,1404.6748138781159,1809.9928879988306,3319.8496480646477,2687.3420696669996,237.7275086434072,293.9059341836102,1067.8343265180256,3133.858967920264,1071.7024597530105,0.3419753316034604,RELAX
10:32:15,0.2,2207.6675952928863,506.04887373268133,374.40126055514696,1092.387520488824,1215.1876748194338,95.84827463163573,104.81120422465362,381.43644082470274,1045.1263125173846,449.3208986251065,0.4299201859561186,RELAX
10:32:16,0.2,7579.625082846864,941.2424607127293,851.0298169521855,6725.055563649735,978.0836880406817,205.87234311325122,116.74753488642365,3155.631633537272,4024.238231040378,1114.083799894407,0.2768434013923637,RELAX
10:32:16,0.2,90.42175298890308,236.25497594726107,68.26847682875952,719.7297324609731,683.742179151607,368.3297842289492,232.7253789729542,2132.8698492525327,278.6687345564742,854.4167979015108,3.066066235458349,FOCUS
10:32:16,0.2,816.6053981934026,2558.722621136003,791.8747694036892,5448.523711325246,3191.9198507374826,872.0781145389492,245.10192629671556,989.5423846815689,2403.9316250145853,1324.660569063679,0.5510392039772105,RELAX
10:32:16,0.2,105.36181998573349,3004.6228708335666,1236.3506625831776,6200.2450766423,1019.7573953372877,2883.1957008906043,584.0325696535001,1340.2377990206048,2636.6451075111945,1456.8058662254991,0.5525225454405657,RELAX
10:32:16,0.2,64.6818908618548,28.89977498248831,43.80279075264347,2575.4657336859877,988.6658781496366,70.11352085478245,98.71061220568605,1961.9499694572685,678.2125475707436,779.8599951668434,1.1498755043093583,BALANCED
10:32:17,0.2,3992.620127233191,520.406792916183,206.4449110110234,4527.273464273396,159.4062859505081,12.719276709572034,133.95630907798719,1273.0973907274392,2311.6863238584483,394.79481561637664,0.1707821738363804,RELAX
10:32:17,0.2,2434.2891437228236,1035.4962751928392,7730.423277892674,3400.8364300004187,1478.4510467409045,227.90697002640582,304.85401604538106,706.8713177364249,3650.261281702189,679.5208376372791,0.18615676665216827,RELAX
10:32:17,0.2,2214.232398637756,631.3107039258495,1885.950538312366,15500.239567615748,1760.2081021148222,253.52972028712557,252.85584266970213,1762.7476765412782,5057.93330212293,1007.335335403232,0.19915947388638564,RELAX
10:32:17,0.2,14109.60218619958,407.9241499932337,1208.380011959038,2365.973301955908,971.1265796454339,281.5503898193409,130.94569468731308,1396.8951823763055,4522.96991252694,695.1294616320984,0.15368872114467289,RELAX
10:32:17,0.2,1856.0328217764304,68.72913398593579,1587.8063718618446,6948.638986471503,3317.825004374863,160.93780634719778,1331.2247366584036,2593.3903085012885,2615.3018285239286,1850.844463970438,0.7076982257971544,BALANCED
10:32:18,0.2,3462.268830495656,415.26179757524534,189.80786747959544,9992.183056057926,890.1892516629305,84.3396844604053,147.83358207937582,1270.1069622216862,3514.8803879021057,598.1173701060995,0.17016720459813212,RELAX
10:32:18,0.2,109.65705512817942,94.0050448104388,608.7638611983283,3811.7227242688973,1419.1755000866976,74.15774747272148,260.1420528420993,663.5227957094398,1156.037171351461,604.2495240277395,0.5226903935289069,RELAX
10:32:18,0.2,592.546595465174,1167.1737151386635,161.958834857285,837.0568665537559,2195.681767278625,83.41474710606867,651.5396577097632,2036.0958371015902,689.6840030037196,1241.6830022990118,1.8003650902314974,FOCUS
10:32:18,0.2,6395.837027932423,1979.7347223752265,747.4881119143237,665.6157371073804,1057.1351845480212,251.4176615447991,50.687033369107326,591.4247038774864,2447.168899832338,487.6661458348535,0.19927768200562895,RELAX
10:32:19,0.2,2535.0130135934287,120.03048399859338,21.928561155937043,1493.954536767585,455.44135296699096,71.45177873912316,128.65796106933763,1648.4487367900613,1042.731648878886,575.9999573913783,0.5523951996764233,RELAX
10:32:19,0.2,44.677209411441126,179.23838388909851,166.3712463924883,9199.288899271212,1306.2473599103487,155.63485320604823,329.49301450307297,2003.3735675438757,2397.39393474106,948.6871987908364,0.3957160252402587,RELAX
10:32:19,0.2,95.12909119515149,61.45644977704322,531.6459157020902,1514.4869493372682,843.9781525210697,89.56353914807458,241.10174054872527,1574.6947303017662,550.6796015028883,687.3345406299089,1.2481568933261165,FOCUS
10:32:19,0.2,919.077257345069,11.300105640640046,5503.792219060769,2028.2130814578602,341.2435846625109,105.36160500171798,396.0876653992011,1006.5915235622757,2115.5956658760842,462.32109465642645,0.2185299876122481,RELAX
10:32:19,0.2,6929.14661057832,1399.01757419564,917.2978985898364,639.4514758564484,717.8165934512017,151.34467101015414,1206.1963255494265,1477.504586702196,2471.2283898050614,888.2155441782447,0.3594226854314789,RELAX
10:32:20,0.2,380.8823659920781,829.3159712467946,1135.9739494885164,2410.205500555308,1904.752362929851,192.2511497150953,2874.640861365353,966.3607537697784,1189.0944468206744,1484.5012819450192,1.2484300855278443,FOCUS
10:32:20,0.2,8145.186586317958,25.564027196536,3405.3514899443476,7876.211470786315,1178.401688703777,175.2276594507522,1440.3990992783954,1233.4307419002164,4863.078393561289,1006.8647973332852,0.20704268281308671,RELAX
10:32:20,0.2,2223.461317378944,247.3858153835526,1370.8605852920132,4816.24628480182,1615.8159647278342,188.65217573159563,3092.2904188535654,1173.4912821603637,2164.4885007140824,1517.5624603683398,0.701118282618588,BALANCED
10:32:20,0.2,694.0263810789504,200.7402493932514,3796.7261228048533,2264.6074489602406,503.25250145504634,133.45202207658005,158.42313506537292,1292.3441795561114,1739.025050559324,521.8679595382777,0.3000922611036735,RELAX
10:32:20,0.2,58.13163186483571,95.92420690434875,460.8978609082847,353.8940555737545,1120.542925377762,142.9079116698355,347.1895394240071,3243.105323292962,242.2119388128059,1213.4364249411417,5.0098126082833145,FOCUS
10:32:21,0.2,4937.907477204624,2708.3120596796075,30.91806245118022,1260.477672980267,907.7622489978422,139.3829667275042,476.15713094694746,1390.4419984609867,2234.4038180789194,728.4360862833202,0.32600914856545943,RELAX
10:32:21,0.2,4054.626459691647,128.55722434564504,63.903745685943186,2816.4305974318486,472.0089034125228,546.9449902931456,138.97692753661676,2042.573617872751,1765.879506788771,800.126109778759,0.45310345734391466,RELAX
10:32:21,0.2,3830.686286850902,219.28085847607093,923.0374832813922,2321.479663356371,974.9591818231561,135.62769952087208,301.90621514883696,673.9754429206625,1823.621072991184,521.6171348533819,0.28603372848604036,RELAX
10:32:21,0.2,7059.667777144705,664.4355634410775,1022.2727419555473,3647.429369205729,417.1974348956758,326.94530330419315,1835.6559229913507,186.217205499918,3098.451362936765,691.5039666727844,0.22317728622254868,RELAX
10:32:21,0.2,3068.5974218537,44.77733099339781,1310.3114614937142,5391.49449119382,497.3915469611646,132.71281899394648,140.481925411911,522.9857404246817,2453.795176383658,323.3930079479259,0.13179299195808772,RELAX
10:32:22,0.2,5823.043217365012,52.805275307140924,853.506613482869,666.6012690105587,1258.0291496361501,27.026210978883217,306.1038727813323,1682.8046776714134,1848.9890937913954,818.4909777669448,0.4426694459774286,RELAX
10:32:22,0.2,3992.794630806531,122.94549105616395,492.9283760189591,142.89090929972096,691.2755435040422,78.63289612089467,120.32112892498925,393.4481493736185,1187.8898517953437,320.91942948088615,0.27015924834769606,RELAX
10:32:22,0.2,1114.6806067386567,190.1484824769724,276.8043051476604,1843.247824894384,445.82176318451957,111.13510358076967,161.58412622265183,487.3255368825143,856.2203048144183,301.46663246761386,0.3520900296016167,RELAX
10:32:22,0.2,7276.856465660583,127.80508665089168,602.6122530709372,636.4657550543498,831.0817404636045,173.56021365378638,91.21524959084117,789.855190372598,2160.9348901091907,471.4280985202075,0.21815932570573032,RELAX
10:32:22,0.2,4598.674189929312,18.291970933927526,7810.707069656397,2316.382065272423,2308.2932234071327,79.19788042167603,670.9228114542103,485.97737448464505,3686.0138239480148,886.097822441916,0.24039460098737084,RELAX
10:32:23,0.2,700.6336845570481,45.59549754079465,1546.9382346127388,686.4478736725514,852.3799530639914,69.28054192354593,201.19420248069017,2866.004406603268,744.9038225957833,997.2147760178739,1.3387161480026468,FOCUS
10:32:23,0.2,1404.1054731835156,478.9083192075578,382.65259357170333,3821.6359804810418,709.6534169865976,50.25806828082787,30.11067596153336,625.1837255668062,1521.8255916109547,353.8014716989412,0.232484900798927,RELAX
10:32:23,0.2,2042.4101765641203,15.00539197925902,694.1788475221535,981.9644529282398,1002.7337113981533,88.18496547560909,51.17493517948407,564.4662435196067,933.389717248443,426.6399638932133,0.457086633813487,RELAX
10:32:23,0.2,6437.845594100644,1274.6706552549438,530.7385711738577,1307.238854576652,1729.563904327512,69.84975812039102,402.54951153362873,527.1840484013579,2387.6234187765244,682.2868055957224,0.2857598062701791,RELAX
10:32:24,0.2,7353.551043355189,340.72940130746326,123.55109388118545,234.72953114271496,971.4238204349953,30.861801318499673,126.73969581137705,449.3964231150963,2013.1402674216383,394.60543516999206,0.1960148736557683,RELAX
10:32:24,0.2,122.96649025503379,6844.027641065646,1328.2387247896659,5250.99715473822,1382.9050496092977,209.96450345555422,208.65200724206738,1759.533540680057,3386.5575027121413,890.2637752467441,0.26288163556466176,RELAX
10:32:24,0.2,10103.948010078733,124.49958144108537,129.7138168497826,1084.7707416294397,2319.637907882134,88.6202165144224,83.83515967615317,292.51577662782205,2860.73303749976,696.1522651751329,0.2433475113020543,RELAX
10:32:24,0.2,826.3586796111889,212.85649312279622,164.82389670744834,2430.871613077314,1120.975332396082,58.02158361246458,56.976311759239366,602.5473869551532,908.7276706296868,459.6301536807348,0.5057952657722441,RELAX
10:32:24,0.2,2577.749205410876,142.70093899053566,2122.978523936798,176.05961329637583,481.55036356148076,155.73206999475823,132.04975249056082,306.8806602981926,1254.8720704086463,269.0532115862481,0.21440688491746535,RELAX
10:32:25,0.2,7117.191680966168,208.93599761993582,578.9793770340098,3971.7950265447967,823.043745507131,30.971746616505957,173.3124293412976,1100.2830572551115,2969.2255205412275,531.9027446800114,0.17913854673560017,RELAX
10:32:25,0.2,1481.1984223877682,6.711220880833464,246.2931637150018,1187.0010905491706,783.323448535104,225.51807075651405,309.39965969740007,343.304100664322,730.3009743831935,415.38631991333506,0.5687878484130013,RELAX
10:32:25,0.2,2645.7345250764656,295.1384099457397,1953.7194747276073,1203.9259706558069,1807.1791917368819,18.533862108565607,229.84925929502398,911.2828396726412,1524.629595101405,741.7112882032782,0.486486219726009,RELAX
10:32:25,0.2,5345.984028637063,75.18040645114232,269.4471392919895,472.94339391712265,488.07728777765095,93.34883521719992,39.303056938907766,520.3818653155228,1540.8887420743295,285.2777613123203,0.18513845518027613,RELAX
10:32:25,0.2,559.9483082085413,23.595771288120382,1396.1226377956782,844.6461310289494,389.01498838667044,92.48839137940507,303.1045387900998,1195.0137017264399,706.0782120803224,494.9054050706538,0.7009215078489833,BALANCED
10:32:26,0.2,472.2233665015287,183.45769797025645,175.54024709551035,469.34505578538966,305.6104192706758,148.88317825766183,87.55244956072204,1019.8497136351888,325.1415918381713,390.47394018106206,1.2009350694678516,FOCUS
10:32:26,0.2,2586.1386345521537,97.11649089945071,589.1550555201991,1929.9137276425713,332.20575324025464,96.69286313981694,186.59875253399443,2298.9771272305898,1300.5809771535937,728.618624036164,0.5602254967859005,RELAX
10:32:26,0.2,5923.255786747436,76.98352443501065,373.1715095954401,2483.931349399988,1029.7933905125747,149.85451581354755,188.89176776158627,616.3055278530778,2214.335542544469,496.2113004851966,0.22409038330071945,RELAX
10:32:26,0.2,1015.2381187409724,301.91861252454646,505.22711656054673,1712.5580888660822,1262.2557214941946,17.781771088250867,267.1917098897523,1043.969934730503,883.7354841730369,647.7997843006751,0.7330245258929027,BALANCED
10:32:26,0.2,3731.2859269045857,63.325349559037974,1416.0819592496957,226.64845173357713,1283.3287455953089,58.95437715566731,969.4757062297136,657.8855844709137,1359.3354218617242,742.4111033629009,0.5461574026711571,RELAX
10:32:27,0.2,1190.310730765739,5.31638028640437,117.46499429705221,1957.3798474696891,579.3513099002085,115.39699213212863,192.63413556836323,426.962472047536,817.6179882047212,328.5862274120591,0.4018823364362982,RELAX
10:32:27,0.2,2034.1894804405802,422.7268485064106,602.9846045875793,3462.201298097166,695.7952164623157,50.98177569449791,112.88946416575023,660.3009515912205,1630.525557907934,379.9918519784461,0.23304869410694756,RELAX
10:32:27,0.2,264.9161367516901,104.35368216516342,1054.4929436579578,268.68769870473017,1442.1818392276236,68.88125650332685,341.56038537693547,1208.7279962289285,423.1126153198854,765.3378693342036,1.8088278194106455,FOCUS
10:32:27,0.2,1404.8299351632268,134.05852603146886,455.42897221368065,533.3362826093705,700.4219859255396,159.77571404746934,203.305686733589,796.9498567702618,631.9134290044367,465.11331086921496,0.7360396053016138,BALANCED
10:32:28,0.2,977.304686177892,22.792808323400056,308.92832029175855,87.37462775288128,512.7688561071704,227.4961034209682,123.89727173110003,954.4894040159894,349.10011063648295,454.66290881880707,1.3023854618374682,FOCUS
10:32:28,0.2,3223.225909149256,525.7650686434149,636.5387010532241,3527.1158207833373,362.74583991110967,62.120421456098846,142.74524276232194,688.186587309241,1978.161374907308,313.9495228596928,0.1587077408557751,RELAX
10:32:28,0.2,319.07519542792903,419.4932098290113,1150.8117571451353,264.39970477125917,700.7169170435508,95.62842085715947,70.80627244990926,303.13997051483994,538.4449667933337,292.5728952163648,0.5433663851642249,RELAX
10:32:28,0.2,122.79411758706729,68.67231705555578,1117.5976269601601,981.8244021514271,2623.658432548642,233.5380689801425,82.37321725990216,870.6411377851018,572.7221159385525,952.552714143447,1.6632022539978997,FOCUS
10:32:28,0.2,7796.708602927142,434.1233744857152,369.02425476278324,3710.7840750124215,613.330521943098,100.24333260411736,155.04376230008108,2708.05676802849,3077.660076797016,894.1685962189465,0.29053520333848115,RELAX
10:32:29,0.2,42588.86643955698,1096.6370463193948,2014.1100234470864,37710.66510898105,9338.788617248698,569.0568281509111,952.2727420930801,13179.930264912016,20852.569654576128,6010.0121131011765,0.2882144605033016,RELAX
10:32:29,0.2,3035.3674100703456,37.12173473984594,854.9656516345126,405.2927675648333,525.818749954799,24.293005704965964,120.33299290812442,2255.1608594685536,1083.1868910023843,731.4014020091107,0.6752310317679987,RELAX
10:32:29,0.2,349.1758829777873,132.89494920680556,10.634975590030734,273.40332588252613,2287.7412448389373,138.93480435146174,304.5629569098494,500.9299072794113,191.52728341428744,808.042228344915,4.218940580893955,FOCUS
10:32:29,0.2,119.95200394955842,2914.4398049715455,360.1573837642536,2989.7662056432123,663.3089662443128,382.2748855778739,171.4521965986014,701.9911723103801,1596.0788495821425,479.75680518279205,0.3005846517597759,RELAX
10:32:29,0.2,228.9104835832122,344.6347910293384,187.66973318654527,2604.55528056196,1323.5847395514036,103.73222235441052,178.45678757215057,1736.8954865282096,841.442572090264,835.6673090015436,0.9931364738601545,BALANCED
10:32:30,0.2,968.3533312601737,218.33472325984272,1285.6136716731896,179.0477957658746,301.2836031876897,30.335823323682934,67.24322532011735,938.1353522818094,662.8373804897702,334.24950102832486,0.504270747044091,RELAX
10:32:30,0.2,788.7744390935078,102.68388983093472,191.0422263230996,1290.0322642057579,485.26124845130727,37.61382527570919,75.99672343592381,1467.8215988468446,593.1332048633251,516.6733490024462,0.8710915942085936,BALANCED
10:32:30,0.2,1760.4747601513711,661.3126775950092,379.71695501016796,6012.485399940296,207.55961369699173,93.796813140097,97.77306316887477,510.2179997173577,2203.497448174211,227.3368724308303,0.10317092611983673,RELAX
10:32:30,0.2,750.038602691751,2318.5239623126085,460.1440907835394,764.1939686691654,1124.79435890432,249.25537327817952,264.0169300714093,139.55519952694416,1073.2251561142662,444.4054654452132,0.41408409308465505,RELAX
10:32:30,0.2,530.7098422045225,123.93880692405438,343.369498874922,0.9743953201745689,406.93858269897646,213.48281283919448,83.60094848085409,394.2067266357935,249.74813583091836,274.55726766370464,1.0993366046567101,BALANCED
10:32:31,0.2,4072.859816090559,142.72132194973022,1399.9392449744346,109.97219890094402,679.9332855986362,43.22719482145559,96.96408108096587,383.1860773205526,1431.373145478917,300.82765970540254,0.21016718153165428,RELAX
10:32:31,0.2,941.200812202993,202.33321629489592,118.86994197079812,3268.486219315539,785.2265165482901,76.09032837312978,92.46215801570791,373.1645110110764,1132.7225474460565,331.735878487051,0.29286596195600956,RELAX
10:32:31,0.2,65.28361551267899,147.22326425231702,1140.2842629804575,2401.3606891305676,544.0053024534532,133.89629066629942,159.58637598039613,719.1253259331071,938.5379579690052,389.15332375831395,0.4146378102814735,RELAX
10:32:31,0.2,7114.0756665360905,364.78168961292687,3927.1542287815378,2391.2670736845234,942.4467185248495,43.15583797586667,241.460965961885,2526.6171711968996,3449.3196646537695,938.4201734148752,0.2720594971324789,RELAX
10:32:31,0.2,337.4952516733979,466.911461230186,201.36091889499835,266.1452242156592,579.790742360536,189.45765625683725,136.07135645272834,924.6243467143728,317.97821400356037,457.48602544611856,1.4387338669717673,FOCUS
10:32:32,0.2,563.1198793457958,609.6795800249807,2499.4414338889824,919.3749347982231,487.348079798953,72.44402879284424,234.99714820578285,751.7123346580285,1147.9039570144955,386.62539786390215,0.336809883354222,RELAX
10:32:32,0.2,1600.7736298967852,798.0477260173798,919.1010998375536,409.9958556771914,939.2843508495504,104.02538714684495,338.7596922581073,197.61366975599796,931.9795778572275,394.92077500262513,0.423744022278484,RELAX
10:32:32,0.2,708.675014619235,20.438128521846693,326.17614488886636,473.5350713654949,447.8944755572915,200.87290555273776,323.6209517469288,344.201129402473,382.20608984886076,329.1473655648578,0.8611777109438931,BALANCED
10:32:32,0.2,2118.1700040626006,162.32973554664628,273.6266387736872,70.50853225984669,448.1422779819338,28.726023705905437,221.85706070464585,922.4842383854535,656.1587276606951,405.3024001944847,0.6176895667294541,RELAX
10:32:33,0.2,2384.148589274885,249.6170576074034,8.234123113655945,2019.9928286512807,1242.8082376076552,116.77943756729265,169.00731684802497,528.9688931557985,1165.4981496618063,514.3909712946928,0.4413485954001335,RELAX
10:32:33,0.2,1223.5364929556667,253.73100942072358,160.77542029887698,1641.1465249050862,888.1650484682527,137.23199427279437,210.3440816358628,821.068938051163,819.7973618950884,514.2025156070182,0.6272312397033817,RELAX
10:32:33,0.2,2341.9868140728254,61.939003445654706,570.6959958819706,362.72158303885305,266.10367817654276,52.67494524994925,70.02245331707566,741.7092009814392,834.335849109826,282.6275694312517,0.3387455659885575,RELAX
10:32:33,0.2,2210.787351237953,791.151857839956,2232.8264338758904,475.0187710723583,399.3872163453241,171.67136132488045,462.7114594303218,541.2778984352208,1427.4461035065394,393.76198388393675,0.27585068390088807,RELAX
10:32:33,0.2,142.7746240491267,481.8821817987936,12890.340357205607,4962.934168752513,760.4596704941317,121.16430011436226,7771.022468164494,233.6862835802258,4619.48283295151,2221.5831805883035,0.48091599447916444,RELAX
10:32:34,0.2,2498.9444132405747,788.8140802739479,381.5875467943555,1670.2121048761173,874.4800339126056,48.784363466468854,110.00355846169674,1565.1417236010532,1334.889536296249,649.6024198604562,0.4866338391286119,RELAX
10:32:34,0.2,3177.583716648664,26.49927043035482,1428.8357533988076,783.1192498111757,1214.5852061762016,125.92541966389523,129.22550348279535,2199.290038829616,1354.0094975722507,917.256542038127,0.6774373028274727,RELAX
10:32:34,0.2,725.6391926964413,127.61055135088162,61.75339304653406,1618.791628801715,481.9961258408278,38.80661559639827,62.872735701435424,565.236605582738,633.448691473893,287.22802068034986,0.45343533666797026,RELAX
10:32:34,0.2,7697.922845422018,372.4606278350281,1000.8695596323057,10715.577194145266,387.34124753048326,94.16884958616241,466.73402648842216,1232.9551986889828,4946.707556758654,545.2998305735127,0.11023490358318698,RELAX
10:32:34,0.2,1606.256862410109,355.1479436088467,2696.4363325620366,651.6985628159763,953.717770471493,250.51472295880217,160.1225252077931,1885.0450911983635,1327.3849253492422,812.3500274591129,0.611992807772304,RELAX
10:32:35,0.2,655.162134093421,154.6607086924352,11123.039510793968,2523.536757122552,378.0728366553739,47.98497748600753,1791.9302004069893,288.8341157648518,3614.099777675594,626.7055325783057,0.1734057085112827,RELAX
10:32:35,0.2,402.53358969070905,911.8183499092457,95.50525126334537,2250.0972627482456,532.9166553986763,102.58251127379789,52.34704927333073,425.6097821659644,914.9886134028864,278.3639995279423,0.3042267362133539,RELAX
10:32:35,0.2,138.42967732656712,73.39522572180397,86.32748039055603,903.3551971545811,545.0913746068983,112.27090994373869,493.7982287749024,875.8813634713189,300.37689514837706,506.7604691992145,1.6870820538606681,FOCUS
10:32:35,0.2,465.7058962096162,7.34812517943271,435.21745408424874,664.6577867624426,756.4166487196591,61.994845802387026,89.2528477637746,1506.6755412624782,393.23231555893506,603.5849708870747,1.5349322703276491,FOCUS
10:32:35,0.2,2904.3568753807012,262.44666086800254,281.8127776858604,262.5669476108214,651.7749825221987,129.27174673249996,337.8528177075352,539.8832641619551,927.7958153863465,414.69570278104726,0.4469687143483855,RELAX
10:32:36,0.2,931.4956059163501,9.356510795155565,123.19272856686544,2131.393439785921,304.32772498752064,94.36838239667061,49.47250209292023,414.7551605808056,798.8595712660731,215.73094251447927,0.27004864218197694,RELAX
10:32:36,0.2,2746.539802805801,235.09355983564467,92.06295551786629,378.22585842943835,291.18421248063333,74.95868695628647,83.74256072996207,993.4687441122436,862.9805441471875,360.8385510697814,0.4181305749208615,RELAX
10:32:36,0.2,1574.2472114291772,29.15333560791027,63.29495989059114,3320.7170858252116,256.94108991515304,85.40928379318068,104.53673424770248,579.2387787304204,1246.8531481882226,256.53147167161416,0.20574313185508247,RELAX
10:32:36,0.2,553.0179492441152,298.1659450350276,38.959410991168454,502.8049630808444,1028.9207913043256,35.857993511203404,38.72505771864144,685.6696490320978,348.2370670877889,447.29337289156706,1.2844507812800023,FOCUS
10:32:36,0.2,925.2961982460282,119.28726534798795,153.5790223370027,434.45770383325674,604.4731498301502,118.72358690036295,35.08541442382364,1292.5950318649554,408.1550474410689,512.7192957548231,1.2561875663900777,FOCUS
10:32:37,0.2,3159.966504079844,47.68370161293881,332.15685333951984,3578.9810715711055,568.2290079858639,58.56322319008114,103.34352724422213,1219.332005153217,1779.6970326508522,487.36694089334605,0.2738482629076561,RELAX
10:32:37,0.2,5792.013789045968,3439.7404898462773,815.212808205647,2992.2238147927615,2044.8465079692126,440.68200046978717,159.68987574023788,1744.1755834279338,3259.7977254726634,1097.3484919017928,0.33663085391063025,RELAX
10:32:37,0.2,2538.485270129025,300.46447094674164,40.14334248061582,2977.323332061637,411.6998601227089,162.91198474650685,122.01284158009328,1105.1164324986878,1464.1041039045049,450.4352797369992,0.30765249447479076,RELAX
10:32:37,0.2,755.3141205316534,5.471165131179598,107.49112797795082,1628.874296610448,841.7101212897236,119.27446940981878,38.72283945181396,552.7478524246484,624.287677562808,388.1138206440012,0.6216906637644695,RELAX
10:32:38,0.2,559.6325550173772,272.03228306094155,660.7192248789104,285.86749734837497,657.4330098851811,108.71597285412987,1038.8621684303903,632.533069745706,444.562890076401,609.3860552288519,1.3707533148439919,FOCUS
10:32:38,0.2,171.80200602723477,20.463198593554058,139.22172520759997,1197.117519788165,312.12555764634544,65.3725839260041,115.08886574425757,1104.5535834181007,382.1511124041385,399.285147683677,1.0448357592674458,BALANCED
10:32:38,0.2,373.4934378015415,327.3514554463768,435.3180551101398,617.575965354208,227.4325110276508,147.86130976134018,124.80144132509783,697.4348225750929,438.4347284280666,299.3825211722954,0.6828439942375931,RELAX
10:32:38,0.2,797.3865938788871,380.25629220975287,908.6052527632935,934.7112197629209,681.5845332978326,166.80358062712966,18.693381507090205,2523.881754254995,755.2398396537136,847.7408124217619,1.1224789370360297,BALANCED
10:32:38,0.2,899.32524931909,452.13600195210734,776.7750371680387,2612.869133828343,1440.674323146993,52.52032582138929,197.61330732443562,725.3591246055711,1185.2763555668948,604.0417702245973,0.5096210410235474,RELAX
10:32:39,0.2,2361.2687065695336,37538.42452650818,740.1941314545309,1112.1298026754398,1261.086876669154,2454.2819195684397,490.64244301274266,2191.6163846141294,10438.00429180192,1599.4069059661165,0.15322918646644948,RELAX
10:32:39,0.2,6478.851701923054,1768.3489177261054,1467.1980324512845,925.5676368721988,1439.0384652431828,166.29173691376323,166.5750949292217,507.422989758174,2659.9915722431606,569.8320717110855,0.21422326207994274,RELAX
10:32:39,0.2,1211.7870773927257,340.9439847498373,6180.701907086747,3458.6108025781346,1027.7851365241988,114.44911131165026,381.3797481775384,831.306918274568,2798.010942951861,588.7302285719888,0.21041026664137594,RELAX
10:32:39,0.2,210.46668275228942,1093.8513491777755,1381.0363648767197,729.1598502402636,903.3928956043173,135.23972336768762,243.89829424254927,862.269729884381,853.6285617617621,536.2001607747338,0.6281422445238907,RELAX
10:32:39,0.2,2026.153873473706,1012.5349486058083,610.2350175479178,2846.593133229751,1014.5620698205007,110.28861642615998,155.02716221289896,2035.746751717608,1623.879243214296,828.906150044292,0.5104481466266916,RELAX
10:32:40,0.2,776.7547021415288,110.59163831224849,147.39200782909097,1505.4918981437745,864.6707564880663,253.32480989360837,53.80728350813262,583.9991926365061,635.0575616066607,438.95051063157837,0.6911979908105617,RELAX
10:32:40,0.2,2252.1166381539106,321.98263702220214,778.5715950296517,1646.038010251863,562.0419310881655,32.44996337742617,87.51496176905853,884.4496371783848,1249.6772201144067,391.6141233532588,0.313372218881774,RELAX
10:32:40,0.2,8232.344291686813,1226.491670138449,226.6483802255099,3767.732416709661,630.7032370163199,69.96971871346933,384.7063128467396,1262.1676887696337,3363.304189690108,586.8867393365406,0.17449707378107118,RELAX
10:32:40,0.2,4326.239432450367,512.0211504468522,243.34861867331685,681.0697694245594,1672.529389099395,164.92277374902673,2069.055097645024,722.4736623183738,1440.6697427487738,1157.2452307029548,0.8032689216440058,BALANCED
10:32:40,0.2,1177.3478894529235,43.72855859967694,462.9141115824597,946.0155034659687,653.9232479211104,40.34041683886077,95.95223343497763,1063.0627867750136,657.5015157752572,463.3196712424906,0.7046670769970658,BALANCED
10:32:41,0.2,390.8541115155476,941.7923793725549,182.73613488673885,612.8444251689375,703.7138175952232,97.69306448405182,223.81230612463887,797.0268824794265,532.0567627359447,455.5615176708351,0.856227285465266,BALANCED
10:32:41,0.2,11898.51922156294,502.82709523624777,307.0368189541874,8548.647527824767,3198.0530706633836,107.71914773504646,324.3791205815912,3523.217961103784,5314.257665894535,1788.3423250209512,0.3365178050168789,RELAX
10:32:41,0.2,1252.0198806962435,164.25269411550147,541.6917364774899,1558.6382133861428,381.66264232312795,52.67668868095623,85.82678970698771,628.2656869191158,879.1506311688445,287.1079519075469,0.32657424305756616,RELAX
10:32:41,0.2,7873.342863298188,342.97744988922983,167.78645453923298,14212.317718164513,1306.302044129223,233.50497890142333,218.71356250055103,868.8497608920508,5649.106121472791,656.842586605812,0.11627372056423065,RELAX
10:32:42,0.2,163.44254324508628,16.631034022119696,198.50762448945298,218.39394180127323,797.9824307101552,236.4286044358456,96.84762022644833,285.88125537208043,149.24378588948304,354.2849776861324,2.373867532069208,FOCUS
10:32:42,0.2,281.2069145015357,401.428244081478,597.8047109732357,636.5196397329357,848.8887071360967,345.5971844648673,2177.2267186924646,296.85419217322516,479.2398773222963,917.1417006166636,1.9137424576208033,FOCUS
10:32:42,0.2,1345.8137008355595,494.5915639129339,281.5298714186693,818.4782980688358,566.8274825594564,72.13624393187355,1223.8216866481143,1379.0826925103736,735.1033585589996,810.4670264124545,1.1025211855938026,BALANCED
10:32:42,0.2,695.633679608462,135.62886784663831,901.5943102518739,178.6724644450913,718.003913724273,126.56119108204916,321.60581429916823,229.73294096688952,477.88233053801633,348.975965018095,0.7302550078074782,BALANCED
10:32:42,0.2,2794.7015170719214,190.61019276520477,3085.842055389579,4152.249558644101,706.0125937154144,265.6886464787089,499.87058201672903,1161.155750283562,2555.8508309677018,658.1818931236036,0.2575196819582782,RELAX
10:32:43,0.2,723.0313972716059,190.24312633878026,1265.5379029518,1626.4255645782396,809.5787219890708,121.39987227794336,409.76557342189227,677.041716450362,951.3094977851065,504.4464710348171,0.5302653576037014,RELAX
10:32:43,0.2,199.0283916366718,161.7178326320999,1235.4067953177653,181.47812368045211,497.6235295948058,252.43282606342947,192.64559350117477,636.0105837971764,444.4077858167473,394.67813323914663,0.8880990518962086,BALANCED
10:32:43,0.2,3150.4430171822846,357.6858990255677,1110.829983824366,851.9305877149187,812.5988948863964,69.02250365254828,466.2591755813098,1305.8202777483739,1367.7223719367844,663.4252129671571,0.4850583909274684,RELAX
10:32:43,0.2,886.027532504562,604.0252128983001,14733.042452761054,190.87290673255802,1012.9849027718136,79.77371290480535,3108.6638020606533,531.5752644275746,4103.4920262241185,1183.2494205412117,0.2883518264393934,RELAX
10:32:43,0.2,1471.5671837735003,2818.609372418759,171.02841278237034,4851.4080360294065,1390.5100005283336,938.8254280357047,194.4975627572355,521.1541862149965,2328.1532512510094,761.2467943840676,0.3269745211038059,RELAX
10:32:44,0.2,1592.4663121285857,13.781834326092344,1117.2228800253881,1002.78874559463,1471.6410822645441,79.95869874491883,38.562386172362146,331.5346122832944,931.5649430186741,480.42419486627983,0.5157173404459567,RELAX
10:32:44,0.2,1721.7437444321922,508.98742113452573,878.3740812955443,2153.228998426023,2335.66632180989,81.81134748505342,219.28399592715814,1504.1835448823513,1315.5835613220713,1035.2363025261134,0.7869027350005589,BALANCED
10:32:44,0.2,235.80470096499073,356.5850913199315,1737.7444972464584,2548.0713088758375,527.1791345575181,19.741073676132412,118.55361776153829,390.8365378702465,1219.5513996018044,264.0775909663588,0.2165366634424615,RELAX
10:32:44,0.2,8066.079456561447,2098.955646300269,3013.497593678547,2506.7862472935617,2450.5511823144184,477.9959552292559,462.1593043062442,1787.1675584112893,3921.329735958456,1294.468500065302,0.33010957691088083,RELAX
10:32:44,0.2,1465.07665787095,1115.7638562774625,96.32423474951885,220.17640769133558,385.9736420183822,84.62209931452914,132.23740988918152,254.4610418975636,724.3352891473168,214.32354827991412,0.2958899718005104,RELAX
10:32:45,0.2,2968.8545286297485,12682.196517648776,731.5499006789548,1943.7321878176679,1553.5541266382581,1964.8781627641386,33.05781646708354,1060.4832383613673,4581.583283693786,1152.993336057712,0.2516582728423394,RELAX
10:32:45,0.2,4443.178634106467,294.3836356600864,1261.6764543226068,3350.8573300651847,1623.0270792865877,134.27214414043115,69.0597466686891,346.46220303609175,2337.524013538586,543.2052932829499,0.23238490391405045,RELAX
ts,interval_sec,TP9_alpha,AF7_alpha,AF8_alpha,TP10_alpha,TP9_beta,AF7_beta,AF8_beta,TP10_beta,alpha_mean,beta_mean,ratio,state
10:34:22,0.2,730.5222599955054,5.054261919841198,445.44285852104,726.1343441502004,799.8219092840712,10.0830192863503,84.7007806860744,473.77055304185416,476.78843114664676,342.09406557458755,0.7174965733792501,BALANCED
10:34:23,0.2,3.1485704083655595,12.793677065890671,75.28322424956356,234.28284659773962,1261.7274205102385,125.09029560813144,207.33134249130612,256.0172425191252,81.37707958038985,462.54157528220026,5.683929402077768,FOCUS
10:34:23,0.2,352.0586398138689,602.8017664863395,291.17966237806024,1380.030436006461,922.9399824204893,62.65491583163333,84.4970213805079,869.5723789357662,656.5176261711824,484.9160746420992,0.7386185158045714,BALANCED
10:34:23,0.2,3114.7387199569557,128.0716598144824,26.35846590336872,40.51150988450652,263.8822623356122,19.89884147783974,42.823217425841825,158.0413818803252,827.4200888898283,121.16142577990476,0.1464327823397064,RELAX
10:34:23,0.2,1426.2486821596476,14.737815445068259,265.4713711829142,236.173452515073,392.6209024442482,38.12391763733705,108.80053426283008,486.1358473496257,485.6578303256758,256.4203004235103,0.527985516575648,RELAX
10:34:23,0.2,3132.3546940031706,421.38980336863915,680.6673170323877,909.5246092841811,315.847575261573,68.25452691793922,156.43429601968293,393.4187056013998,1285.9841059220946,233.48877595014875,0.181564278185794,RELAX
10:34:24,0.2,622.4533079152443,102.9566983932191,29.65440008423808,29.753030061883393,151.05354524423078,82.55668765535351,80.93690097649382,138.62973075793562,196.2043591136462,113.29421615850342,0.577429658904167,RELAX
10:34:24,0.2,498.1336610472068,87.40709912009308,3.711341951307934,939.8180930474769,454.9800581295244,55.33634878874036,61.20906043082044,160.58710311403524,382.26754879152116,183.0281426157801,0.47879591975409586,RELAX
10:34:24,0.2,2.33392131646987,47.83969566463673,14.609075891084158,775.7770220581455,281.36013464475195,104.72976434657365,100.50831277270747,206.65946565884158,210.13992873258405,173.31441935571866,0.8247572005997579,BALANCED
10:34:24,0.2,379.3507235573219,259.79589825151,75.8503355467993,821.9583026484546,759.1819274563801,171.27667018778928,83.4293333688916,102.20146965185377,384.23881500102146,279.0223501662287,0.7261690887878856,BALANCED
10:34:24,0.2,1003.6293375863388,108.33458532351256,43.64630621103732,250.7606832146248,577.4430059752558,71.59098939911091,40.72078147784702,273.35599916458256,351.5927280838784,240.77769400419908,0.6848198918003716,RELAX
10:34:25,0.2,924.648431304527,405.8467180870959,170.07684278864951,117.68111404621345,1159.4208385902832,151.30407108793648,54.720337694785705,123.59551936349118,404.5632765566215,372.26019168412415,0.9201531954471002,BALANCED
10:34:25,0.2,608.7605564026132,167.5882767771961,378.75547724066934,2268.1534878332095,1161.6389332873428,46.83627557037184,53.133112379629345,421.70655763737886,855.814449563422,420.8287197186807,0.4917289255087463,RELAX
10:34:25,0.2,1829.475320612564,2.5173751496825685,87.9203833716251,497.7108066920784,361.3291544279368,32.74024283150671,202.06799097940225,128.6978654816184,604.4059714564875,181.20881343011604,0.29981307595860124,RELAX
10:34:25,0.2,1732.4284796413413,300.7594872232393,1010.9022214418801,214.08384490086382,222.80013506629135,108.71447143681269,172.57561000054662,290.1357489595705,814.5435083018311,198.55649136580527,0.24376413210849587,RELAX
10:34:25,0.2,28.191146617139385,156.55042804074586,379.44666984516937,643.3720206124611,416.4005201857049,20.293462470746096,199.65131842246208,151.7390637145512,301.890066278879,197.02109119836607,0.6526252871678215,RELAX
10:34:26,0.2,336.95194722278086,47.34148418086083,120.74939835267246,54.813582736880285,842.9896025943954,194.356329910278,93.44709185146769,316.72634988456065,139.96410312329863,361.8798435601754,2.5855189686843096,FOCUS
10:34:26,0.2,207.04869253123013,56.157160986656415,509.1957381533927,144.50567497547618,217.19296665460465,14.783012715106324,105.4818494599458,461.35479863730023,229.22681666168884,199.70315686673925,0.8712032901520289,BALANCED
10:34:26,0.2,266.6506016543826,18.70772480311052,209.9045679966946,370.786136293639,466.9323132373772,48.518625319197035,26.66353089731742,170.87454532021204,216.51225768695667,178.24725369352592,0.8232663388104517,BALANCED
10:34:26,0.2,293.7871116069062,440.1427121102128,175.89385699863485,270.3969847829272,272.42583946615804,54.82877488385151,76.02034766659422,634.2111829562906,295.05516637467025,259.3715362432236,0.8790611580543062,BALANCED
10:34:26,0.2,1095.0915034593013,734.7467953941601,1698.4698218693163,992.4036913512211,615.4566273762997,318.3599201901715,301.62908630982844,114.22084795525518,1130.1779530184997,337.4166204578887,0.29855176307121395,RELAX
10:34:27,0.2,2591.259464845344,167.59718640819258,17.25848027795325,584.1285742352158,182.14056068550175,45.822793848368455,42.13965634052269,216.4918438690446,840.0609264416764,121.64871368585938,0.1448093940056682,RELAX
10:34:27,0.2,258.56902344574524,3.0650397804396334,86.80699775725093,460.0914551923868,754.1743528159286,47.88480738446091,25.605787920890325,248.89331810056206,202.13312904395565,269.1395665554605,1.3314965628268371,FOCUS
10:34:27,0.2,3759.161587489895,9.650308322205134,633.3130306874476,55.71646060827401,245.7096673213131,14.678424875026868,93.0832880713167,149.01996333019625,1114.4603467769555,125.62283589946324,0.11272077670844667,RELAX
10:34:27,0.2,2067.6270682106783,23.637343740734348,155.91281974228698,1895.0688531840701,493.95790425364515,83.1582518973362,46.436463408580124,637.6124121504182,1035.5615212194425,315.29125792749494,0.30446405304459223,RELAX
10:34:27,0.2,1901.0254722766965,3.296264072444847,19.833954124105997,1077.9905831886924,8.267203350417207,31.97088847305787,37.320299159079376,200.58631803449921,750.5365684154849,69.53617725426341,0.09264861990810994,RELAX
10:34:28,0.2,2550.3042401358475,30.111210266356323,39.79012209421219,540.8831792190317,1128.166005601405,51.23365728390663,56.56657550723521,297.1482440381742,790.272187928862,383.2786206076803,0.4849957096581791,RELAX
10:34:28,0.2,2178.862959739064,16.81667309832406,225.6451493419772,44.05423014226275,293.48165371858914,40.87089465840239,51.58599762538183,143.50358542142428,616.344753080407,132.3605328559494,0.21475080658094273,RELAX
10:34:28,0.2,154.47068970870933,55.192420580619356,151.78787162261406,6.5199647691394915,201.2757263809187,80.15329844537409,93.66830820280313,353.0133652813788,91.99273667027057,182.02767457761868,1.978717898458225,FOCUS
10:34:28,0.2,1199.5861484522452,52.534016264184096,0.7292600569800952,76.16599189953166,505.30809523293374,8.813795691413986,56.62420248023373,91.34998279773612,332.2538541682353,165.5240190505794,0.49818539942885665,RELAX
10:34:28,0.2,1295.7835770986474,0.20764216427781426,5.7148160954608755,366.62145817033655,545.0583088059909,29.980058664269894,127.74711089723179,154.0701225387916,417.0818733821807,214.21390022657104,0.5136015585848356,RELAX
10:34:29,0.2,883.1125859745912,406.32948449911777,361.2001834653756,784.6170491876322,155.30512286891602,59.36281156111901,107.18385016237143,75.02564309613342,608.8148257816792,99.21935692213496,0.1629713218542989,RELAX
10:34:29,0.2,6044.622768173259,1205.3136491238622,35.76841610647378,6316.249260496914,577.4834775247264,243.495276428162,45.21746528005925,777.6453448145062,3400.4885234751273,410.96039101186346,0.12085333862320545,RELAX
10:34:29,0.2,2397.567928648338,1085.3905214521183,765.2458530213767,1605.9514423148055,849.3500103683087,19.84216765654821,121.4118199386106,698.7727586443181,1463.5389363591596,422.3441891519464,0.288577350871587,RELAX
10:34:29,0.2,1254.616133161893,170.10309435897827,2023.6157079357047,1538.7046650378938,291.39782583763076,114.04600019822676,76.12296572239893,812.0947058130314,1246.7599001236176,323.41537439282195,0.25940469721616405,RELAX
10:34:30,0.2,796.9762208868083,626.5565266000606,8337.57782354435,18.42667312636001,297.89709452068684,457.0832927560311,856.0940817002992,429.1330528850097,2444.8843110393946,510.0518804655067,0.20862004724005456,RELAX
10:34:30,0.2,1528.361503478144,313.5674955648151,5980.429525119681,1521.3261932488986,797.5266285930728,93.10645927793263,1369.0702227427662,658.2104544202306,2335.921179352885,729.4784412585005,0.31228726709887805,RELAX
10:34:30,0.2,1369.967211884542,1151.4047193374918,44395.94620842862,718.821340650273,948.0069191225839,106.40704320041137,12150.743753760582,675.7332500635908,11909.034870075233,3470.222741536792,0.29139412046367363,RELAX
10:34:30,0.2,13873.62406070148,292118.64029768656,5104.894555435125,56085.94787771233,3474.0626161241453,23117.26914998123,3748.0317084978014,6607.460651368795,91795.77669788386,9236.706031492993,0.10062234193946228,RELAX
10:34:30,0.2,5834.454624228417,1400.8660682214963,2043.673335528294,7957.053141397846,1605.1042760296332,14372.040122831078,7028.376110077131,2782.4035562811496,4309.011792344014,6446.981016304748,1.4961623051854593,FOCUS
10:34:31,0.2,4688.06306547569,91.19819092731821,624.6553329663661,54956.515367939275,728.334467553152,54.2832654737289,118.21732960736325,11949.943997293914,15090.107989327162,3212.6947649820395,0.21290071398125807,RELAX
10:34:31,0.2,1049.1234769852288,1003.3795190315988,450.2351267609776,47543.391976151936,600.1011774746321,188.87652420073087,76.65079593854887,36599.725912986665,12511.532524732434,9366.338602650145,0.7486164132279589,BALANCED
10:34:31,0.2,1449.2905836942582,6727.753300992507,282053.4575014817,41905.86739092603,4656.822268747601,2667.4028722164635,190816.73412915878,1297.9019872966264,83034.09219427363,49859.715314354864,0.6004728178119757,RELAX
10:34:31,0.2,36082.174635503216,296455.2990977002,309915.1530792609,76750.38991542112,1334.190902048589,80374.57532138542,54976.80021706709,4743.6149021570045,179800.75418197137,35357.29533566453,0.19664709136803948,RELAX
10:34:31,0.2,1466.9006357183107,713.9444438406,233050.69094848871,7538.4646020101445,630.7967540121933,378.95727863763926,132562.18217180483,813.6854009520877,60692.50015751444,33596.40540135169,0.5535511853055877,RELAX
10:34:32,0.2,713.1567511801451,751.9386978063216,1754.8586397035608,9622.739780266367,4354.877341009178,214.32687138406473,4235.485461136602,769.6156608156058,3210.6734672390985,2393.576333586362,0.7455059999124205,BALANCED
10:34:32,0.2,1135.9815859458313,215.46729785200756,41751.06197364248,3145.538975608062,451.21724137067173,125.45155544896716,3403.4410466133663,284.4853001674067,11562.012458262094,1066.148785900103,0.09221135072711707,RELAX
10:34:32,0.2,1143.6478066475763,12.776480543250992,15825.88876858695,361.41319135273227,263.8218234937278,93.27572708489124,4870.499174290726,1058.5010721439905,4335.931561782627,1571.5244492533338,0.3624421711599236,RELAX
10:34:32,0.2,5418.336095186101,3265.1852212106437,59437.37925060864,3092.819722088068,897.5119383727392,791.9752290767005,39196.23750586697,242.8756129594715,17803.430072273364,10282.15007156897,0.5775375885336919,RELAX
10:34:32,0.2,2856.8943847990768,395.00235065545826,192060.2092544203,4185.817440748254,253.4810952378375,268.7363975765211,67231.15718995054,1116.691543828469,49874.48085765577,17217.51655664834,0.3452169578624384,RELAX
10:34:33,0.2,91.12041045326656,335.9051922469039,9057.080550964405,975.2000120051678,377.0369291854242,51.951043458838285,2349.689745076194,890.557332724998,2614.8265414174357,917.3087626113636,0.35081055973759245,RELAX
10:34:33,0.2,1291.3477089496625,199.38851190440525,2281.991462204644,1383.1719865439618,103.77103594483033,98.30297257752791,907.6531879706021,1754.7547121347736,1288.9749174006683,716.1204771569335,0.5555736325739011,RELAX
10:34:33,0.2,1391.3591151604603,786.6493072911414,37690.607945948796,592.3201771642929,202.1823691328939,79.27026202857044,3785.414236849502,2784.563265281144,10115.234136391173,1712.8575333230276,0.1693344425079345,RELAX
10:34:33,0.2,125.37450613092481,185.62696202312864,738839.153354722,6853.586868162322,4488.478373315191,1030.3793854949745,185029.44354682788,2430.7547435665647,186500.93542275956,48244.76401230115,0.258683764255338,RELAX
10:34:34,0.2,882.9810429013587,11050.325555898991,75706.46402363763,2004.3913134691907,699.9368093482902,5030.89907753293,28485.13789047972,348.5165807697601,22411.040483976794,8641.122589532675,0.38557435991027783,RELAX
10:34:34,0.2,1332.1787512902285,343.8699697975675,11227.271843673268,222.20920225428497,549.3757859424383,80.95196202918653,4139.309432961537,182.67090510294977,3281.3824417538376,1238.0770215090279,0.37730348214068543,RELAX
10:34:34,0.2,22773.35633649593,6260.738980084483,425181.3279241432,21747.54459418629,2629.470601554826,1153.2362996392694,239797.71497121954,6603.668653079196,118990.74195872748,62546.022631373206,0.5256377227487798,RELAX
10:34:34,0.2,39833.792075306184,29323.822807185785,96039.74492485104,41974.833245153786,9683.838814517301,9577.892404905837,10656.489156298348,9945.271505264494,51793.04826312419,9965.872970246495,0.19241719312632222,RELAX
10:34:34,0.2,491.5985158087007,102.68717610322767,1025.95370309977,1429.0118264045318,547.2139233497688,300.17557391327585,2344.590156787937,655.7699869507525,762.3128053540576,961.9374102504335,1.2618670491881083,FOCUS
10:34:35,0.2,431.20088071655647,620.958947654795,483.1319342748166,2932.6614201544166,260.35978784415414,328.9619534618916,3725.564907622425,2657.6474494079007,1116.9882957001462,1743.1335245840928,1.5605656131709678,FOCUS
10:34:35,0.2,851.5289656021287,1397.7652160093373,1898.967362404134,673.6809541875024,451.5668502940848,291.92553019069163,700.9760639652521,379.28495601786676,1205.4856245507758,455.9383501169738,0.3782196492694629,RELAX
10:34:35,0.2,130.54096676068778,3323.3006663768697,559.600971273237,121.11597321385683,699.8189020606028,875.0360627928002,1530.6029016499408,1375.2526511587014,1033.639644406163,1120.1776294155113,1.083721619500252,BALANCED
10:34:35,0.2,205.0278966194099,207.98019811077071,618.7112839510727,160.69787151416276,905.0694695713078,128.3736498063012,297.1822560782534,511.23396409353063,298.10431254885395,460.4648348873483,1.544643319481956,FOCUS
10:34:35,0.2,1321.3796251234987,313.19935443468177,1972.6036290639208,416.6389494904087,810.6741529180432,220.39686174783506,220.2310980803114,114.92858718060963,1005.9553895281275,341.5576749816998,0.33953560817634,RELAX
10:34:36,0.2,2397.1280164125315,3117.768682247582,2851.6482101386173,7473.808367958282,626.161835764046,271.11705964678583,653.8521164746455,397.70611532061304,3960.0883191892535,487.2092818015226,0.12302990300510991,RELAX
10:34:36,0.2,3920.3131275208575,453.02203038296204,1866.3170087992903,4622.476224904274,498.0740969291726,285.4437399696246,1388.6940843555678,402.2695004780856,2715.532097901846,643.6203554331126,0.2370144532375093,RELAX
10:34:36,0.2,1286.0017436192284,259.7094351517365,3174.683939964683,3074.327520262817,469.52780833081033,442.1841227370549,331.567137570087,4926.640742742569,1948.680659749616,1542.4799528451304,0.7915509117041897,BALANCED
10:34:36,0.2,21863.37447307193,49311.42739474144,19173.914654462944,23700.940113751214,2763.199612390618,13199.40617085612,3160.8912969829257,2276.7984746985453,28512.414159006883,5350.073888732052,0.1876401576834559,RELAX
10:34:36,0.2,676.2175051989833,4241.580698748183,3834.8478793181016,12066.59085478212,1054.2444709767544,1019.5224367530996,298.38960272300824,2346.2364581248667,5204.8092345118475,1179.5982421444323,0.2266362106650899,RELAX
10:34:37,0.2,2964.638840897946,371.27460263478605,1570.8121154597072,12968.387956504524,1573.528646985286,308.8309271291701,1407.9991622168407,1445.9413846151022,4468.778378874241,1184.0750302365998,0.2649661562619017,RELAX
10:34:37,0.2,230.36109150998107,1967.7849013808689,2554.802950898834,8159.053266238041,618.457315724194,174.26414891084664,1262.2503743443551,468.2289570125861,3228.000552506931,630.8001989979955,0.195415145920004,RELAX
10:34:37,0.2,634.9557973825391,310.5471903110005,276.127879597021,17553.24985098196,850.0840137974465,310.41213702270227,215.23133256736824,5338.589656674222,4693.72017956813,1678.5792850154348,0.357622359407433,RELAX
10:34:37,0.2,488.18117474011075,71.14540556056797,7476.1572301516335,1460.287409395563,1316.1060877495736,47.98056092823808,1203.7229140214652,274.55777655456944,2373.9428049619687,710.5918348134616,0.29932980412510213,RELAX
10:34:38,0.2,268.63718139748,415.746449501514,459.6322123345584,45.79147938857473,492.48421466300346,50.13224409849147,564.6901497658897,213.92734808058626,297.4518306555318,330.30848915199266,1.1104604346325606,BALANCED
10:34:38,0.2,2643.522634395401,1744.3332657005262,190.1464498190683,4441.7836702177465,1417.8469486859115,337.5163632282451,1692.8331166845348,854.6914655674915,2254.9465050331855,1075.7219735415458,0.47704988616823735,RELAX
10:34:38,0.2,0.30671077381484857,793.0206964804228,3135.313038872374,691.7864381146707,520.0400788468041,192.97056572926476,869.3790759509735,611.7688674876721,1155.1067210603205,548.5396470036786,0.47488222257087315,RELAX
10:34:38,0.2,964.8883730424396,1382.991472151717,8844.693014326709,1011.274804906235,3985.8350872177684,129.6738098537526,6792.82341528356,1628.054987170296,3050.9619161067753,3134.096824881344,1.027248753363875,BALANCED
10:34:38,0.2,23390.653964707646,1567.7398009439837,1005.9865788080002,11316.38268325238,619.3446349361353,468.64317882224236,1390.2303882512535,1035.3478807257845,9320.190756928001,878.391520683854,0.09424608826068469,RELAX
10:34:39,0.2,220.48607981618935,198.03154316333624,60738.81456154456,3199.8843433728593,2500.8151625492956,265.1705427436326,19414.26637572946,2059.2144345358383,16089.304131974237,6059.866628889557,0.37663944811925076,RELAX
10:34:39,0.2,329451.3278941721,368600.0370297234,328975.4212135506,329365.5711658489,63192.167921508466,60704.33806872874,60541.8653912058,64459.127421926816,339098.08932582376,62224.374700842454,0.18349963228797173,RELAX
10:34:39,0.2,41522.899233803524,96020.69457982745,137448.6232075656,36593.214780822884,1976.3625564324948,4900.914464587838,6701.129190456729,2764.055384542273,77896.35795050487,4085.6153990048333,0.05244937640859695,RELAX
10:34:39,0.2,805.5381283862525,28187.63316853445,1198.8678756289655,851.0567879250314,616.6969145936098,4450.163860866597,580.7560412080132,963.9960688801576,7760.773990118674,1652.9032213870944,0.21298174943525433,RELAX
10:34:39,0.2,15363.220380458912,1201.1964435895316,765.5753062911542,8886.789951751467,2222.798398040946,200.48668218611905,382.8782266498387,3078.155795459017,6554.195520522766,1471.0797755839803,0.22444856443138977,RELAX
10:34:40,0.2,3238.801981865453,1070.2986437922623,932.330673771118,3124.2545441792417,1419.75227312643,227.72118233460597,619.2450652255251,446.0079169695409,2091.4214609020187,678.1816094140255,0.32426826543203274,RELAX
10:34:40,0.2,1836.0304921724746,311.29694531034676,2690.104431489493,1038.0784931076073,2209.594892274075,122.16215410937042,329.1856732968743,736.7681226620483,1468.8775905199805,849.4277105855921,0.578283524827209,RELAX
10:34:40,0.2,106956.66713571225,125312.11648770739,118464.47535176885,83912.63506803807,97032.95633122108,106497.1095953925,99415.2338975966,92803.19672963889,108661.47351080664,98937.12413846227,0.9105078455302076,BALANCED
10:34:40,0.2,2421.917013265182,2066.1092410134215,1853.5457876676574,48860.20270371221,3333.7934688381633,446.36763625525685,554.103081335281,5901.46981648404,13800.443686414617,2558.933500728185,0.1854240022186563,RELAX
10:34:40,0.2,6834.102876436521,374.4627332070621,575.8166043770864,8909.398023163745,749.0987532416557,125.24278374523878,869.2689520738476,2472.97424332099,4173.445059296104,1054.1461830954331,0.25258417641017805,RELAX
10:34:41,0.2,368.71495061719963,69.93167903630557,654.7229631928327,82.02242100383009,531.7608058498021,298.0595697729394,466.5927156255561,1479.2784864842736,293.848003462542,693.9228944331428,2.3615028390744195,FOCUS
10:34:41,0.2,3513.696973513761,160.2211319034565,257.1225991605673,3989.9332408671726,1038.7860998812814,53.731508343463055,237.40661632699337,791.2631331579963,1980.2434863612393,530.2968394274335,0.26779375520223064,RELAX
10:34:41,0.2,18.567938125731917,734.3415947828145,327.9271247013675,425.6810127410268,480.9580064208432,137.38163507428783,227.89430463224951,1034.5129270052275,376.62941758773513,470.186718283152,1.2484067795198788,FOCUS
10:34:41,0.2,2340.8819295623102,165.08867868231837,4571.048604181454,12016.29383410677,640.8802152110705,24.452202472304332,287.789667384643,7546.767204684144,4773.328261633213,2124.9723224380405,0.445176238876765,RELAX
10:34:42,0.2,1865.8667764449012,5.278181168286961,163.00680936155953,4070.2841757960355,2840.5304901164363,133.06262115535984,369.5277894004477,314.7316769514793,1526.1089856926958,914.4631444059307,0.5992122141859082,RELAX
10:34:42,0.2,1191.750892849658,1254.1606033213668,40.50645132463465,820.1216630359384,815.819796068267,372.3410690360665,179.54173699166654,1585.2105241730717,826.6349026328994,738.2282815672679,0.8930523973956952,BALANCED
10:34:42,0.2,1611.0515170381025,362.6416127444588,15.605441636474922,8546.984145794666,671.7143418787144,309.46300554299506,14.262413203692185,396.17309380785383,2634.0706793034255,347.9032136083139,0.1320781618890789,RELAX
10:34:42,0.2,7429.786114187037,295.8621534017665,254.3615888683724,12801.262719158647,861.3364856628391,58.213250846757965,407.7917946015031,457.9113168092205,5195.318143903956,446.3132119800802,0.08590681063560504,RELAX
10:34:42,0.2,5681.525330253685,81.99895293085139,929.8322960454159,9869.916648870405,5829.921109131228,889.9870214517226,51.07155305294981,3922.0183560109786,4140.818307025089,2673.2495099117195,0.6455848365470247,RELAX
10:34:43,0.2,919.273886663988,775.755192325285,1460.700897651741,789.9500423201054,1435.770973430811,383.2985699511551,649.6340846828202,1096.1675609384004,986.4200047402798,891.2177972507966,0.9034871484438827,BALANCED
10:34:43,0.2,1761.0012367270513,333.7144557015167,113.85273997553689,2063.5033026565916,893.9912437488548,60.5712533270218,98.3647865011185,749.4946224465542,1068.0179337651741,450.6054765058874,0.42190815552818456,RELAX
ts,interval_sec,TP9_alpha,AF7_alpha,AF8_alpha,TP10_alpha,TP9_beta,AF7_beta,AF8_beta,TP10_beta,alpha_mean,beta_mean,ratio,state
10:52:45,0.2,0.0,0.0,112339.97963597614,0.0,0.0,0.0,39770.09529867236,0.0,28084.994908994035,9942.52382466809,0.354015511018806,RELAX
10:52:45,0.2,0.0,0.0,15764.490133911548,4269525.24148089,0.0,0.0,11411.272412928514,959329.8340197039,1071322.4329037003,242685.2766081581,0.22652869869474,RELAX
10:52:45,0.2,1001439.878179435,893474.7532046911,90202.50886048662,53691.22262145698,288804.95727592654,448105.57445629314,48276.45442684419,87414.1070194965,509702.0907165174,218150.2732946401,0.42799564150889347,RELAX
10:52:45,0.2,1023989.2643308443,546326.7688303143,172162.09350353305,658327.2186598572,795756.1389246859,1307340.2689600184,29546.12681430243,444677.62919916847,600201.3363311372,644330.0409745439,1.0735231695969774,BALANCED
10:52:45,0.2,0.0,0.0,23218.008553116866,0.0,0.0,0.0,11270.307686574366,0.0,5804.5021382792165,2817.5769216435915,0.48541233244835724,RELAX
10:52:46,0.2,0.0,44528.48591469027,39923.45090985946,38007.76080082351,0.0,14026.433578721275,8496.620911763319,68383.35716316378,30614.924406343307,22726.60291341209,0.7423373845960964,BALANCED
10:52:46,0.2,0.0,262186.6410825736,28115.128200050047,0.0,0.0,6827.023043703814,22039.59679459056,0.0,72575.44232065591,7216.654959573594,0.09943659630331513,RELAX
10:52:46,0.2,0.0,388161.44391896756,40323.2434108096,125491.71651133064,0.0,37990.36681421526,5154.283308834466,99567.05017623125,138494.10096027696,35677.92507482025,0.25761331946588417,RELAX
10:52:46,0.2,0.0,39002.48655064244,32463.242929890042,580814.8498159904,0.0,5512.057916873583,6357.71426593158,529830.8726057623,163070.14482413072,135425.16119714186,0.830471827588038,BALANCED
10:52:46,0.2,0.0,65098.44416310892,8099.153345788843,460394.5959539553,0.0,4968.989289009386,13388.187924791962,319156.9657341408,133398.04836571327,84378.53573698553,0.632532010555808,RELAX
10:52:47,0.2,130006.23476682282,588019.6729332855,79465.10021225052,949956.7973652402,25520.453733331397,30048.344160210352,11257.34483256125,315512.88481413276,436861.95131939976,95584.75688505895,0.21879853943877742,RELAX
10:52:47,0.2,52.06459406000686,112863.84858856292,13232.944821756688,0.0,42.786435955336,40256.11457176964,10784.565465515827,0.0,31537.214501094903,12770.866618310201,0.4049459288126675,RELAX
10:52:47,0.2,75621.34596814285,288540.4575265768,232325.5622515092,5398279.589264866,10964.671568575133,13300.94929123215,7739.3392424351305,1172669.697908364,1498691.7387527737,301168.6645026516,0.20095437688425985,RELAX
10:52:47,0.2,2355629.0564768193,1745637.9312363614,450173.0777328845,2424022.199230898,182682.51518083425,167401.23519808386,27448.216011337634,213272.89808386576,1743865.5661692407,147701.21611853037,0.08469759308510602,RELAX
10:52:47,0.2,970497.7083909217,1101878.600060956,68205.3990258943,834894.8067086181,454382.27207510715,525032.1746552155,28242.034728742365,1705290.1984631394,743869.1285465976,678236.6699805511,0.9117688097981941,BALANCED
10:52:48,0.2,765199.1532440073,1012158.4383822157,27647.257601898236,891367.7288953146,371492.25320845237,539209.0057128469,19884.85000477676,481990.3074202182,674093.144530859,353144.1040865735,0.5238802781956005,RELAX
10:52:48,0.2,0.0,118250.85604732111,149855.87735383117,6673.232102700357,0.0,5954.038300543397,29591.719117705186,4736.753017765336,68694.99137596316,10070.62760900348,0.14659915384351094,RELAX
10:52:48,0.2,3601165.2711752285,2176922.4355698912,243682.30863657777,1208888.3794230716,871459.7247680874,425109.24896161794,4136.694293012312,256820.2817643087,1807664.5987011923,389381.4874467566,0.21540582679249645,RELAX
10:52:48,0.2,0.0,0.0,187174.158134937,0.0,0.0,0.0,45332.740742774426,0.0,46793.53953373425,11333.185185693606,0.24219551029097344,RELAX
10:52:49,0.2,1318850.7909196229,1187193.046839998,304802.28537065675,914973.0550359704,280373.5098638525,202743.64305442254,66884.34505427173,279885.65642593236,931454.794541562,207471.78859961982,0.22273951437625278,RELAX
10:52:49,0.2,0.16184946943640802,1361765.0829006562,1285665.2854933026,2442330.4882766884,0.08433603688330765,383856.0837461862,428348.6028113137,194451.21486800665,1272440.2546300292,251663.99644038585,0.19778059954065105,RELAX
10:52:49,0.2,1216083.1691143662,1659896.7907953104,0.0,0.0,452298.1008656206,475062.21912368084,0.0,0.0,718994.9899774191,231840.07999732537,0.3224502023367459,RELAX
10:52:49,0.2,682912.3774020422,739057.0086022496,639398.2649769059,1257130.853762152,293716.78519528237,284977.6541564507,113205.72567110362,256915.66040464453,829624.6261858374,237203.9563568703,0.28591720745731114,RELAX
10:52:49,0.2,0.07114099233716824,4.213949756544704,1018535.561913158,6635442.814974024,0.09274056268432111,2.552537915275002,96890.58936279971,234541.89531622353,1913495.6654944827,82858.7824893753,0.04330230999920402,RELAX
10:52:50,0.2,3209606.6172164464,19621.238785921512,3966558.792127712,1722152.938143931,624474.83934613,1068432.0467613281,958121.2033686596,1790337.5648964585,2229484.8965685028,1110341.4135931442,0.49802598586880714,RELAX
10:52:50,0.2,0.07442301512830994,0.08235932685944188,1415354.4552110452,1537870.7016559872,0.047468258280494724,0.11046233452259123,361474.53779655014,286397.31291371543,738306.3284123435,161968.0021602146,0.21937777847375511,RELAX
10:52:50,0.2,1473929.5259270256,1796069.8806069375,2605743.1240892545,2430830.094602694,369571.98800584796,295508.83734744735,326866.32357593323,193761.09978790872,2076643.156306478,296427.0621792843,0.14274337951567476,RELAX
10:52:50,0.2,646242.841530322,5655961.801227162,4156112.520912334,9389666.582907101,894417.1238455112,881823.0298683326,815707.6532719685,734415.0328438286,4961995.93664423,831590.7099574102,0.16759197721548527,RELAX
10:52:50,0.2,93.53490485976094,0.0,24.99763635607985,1165232.3612833559,80.33126953426249,0.0,20.780398809491572,418268.9689227803,291337.72345614294,104592.52014778102,0.35900781713743996,RELAX
10:52:51,0.2,0.0,1007380.4212582931,0.0,0.06848644280042834,0.0,319036.2414553791,0.0,0.06716386746825993,251845.12243618397,79759.07715481165,0.3166989155210743,RELAX
10:52:51,0.2,700524.9757447753,6437955.357793857,765997.3569796119,2552330.5131945764,248883.14190446297,236606.55849458734,168968.37506709693,186941.05751141242,2614202.0509282053,210349.78324438992,0.08046424076888112,RELAX
10:52:51,0.2,696385.2134050342,8518692.44818641,5838950.665063226,4392465.084538811,352410.91366394976,589322.0216256961,669811.9906930568,700185.3353133528,4861623.35279837,577932.5653240138,0.11887645820841994,RELAX
10:52:51,0.2,4480.666201348857,2633.405969374727,159403.83728477015,183298.90767884403,3468.3356489545163,2032.8565570046883,122696.00714344012,100274.52238616122,87454.20428358443,57117.930433890135,0.6531181765564522,RELAX
10:52:51,0.2,0.0,0.0,0.0,0.0,0.0,0.0,0.0,0.0,0.0,0.0,0,RELAX
10:52:52,0.2,0.0,1140405.87490795,0.0,0.0,0.0,315914.94137555355,0.0,0.0,285101.4687269875,78978.73534388839,0.27701974211686103,RELAX
10:52:52,0.2,4745506.331806111,2332412.3808477162,1086.722613380315,0.0,674556.0034910716,422789.25145685155,596.4157257981598,0.0,1769751.3588168018,274485.4176684303,0.15509829462820265,RELAX
10:52:52,0.2,0.0,21137.744900850495,0.0,0.0,0.0,6270.832711376398,0.0,0.0,5284.436225212624,1567.7081778440995,0.29666517127492087,RELAX
10:52:52,0.2,1172055.8300684032,167028.2274545105,1127963.3929160996,0.0,259771.06383082547,87818.01631455508,178998.91191474418,0.0,616761.8626097534,131646.9980150312,0.21344866794775993,RELAX
10:52:53,0.2,1172055.8300684032,167028.2274545105,1127963.3929160996,0.0,259771.06383082547,87818.01631455508,178998.91191474418,0.0,616761.8626097534,131646.9980150312,0.21344866794775993,RELAX
10:52:53,0.2,1172055.8300684032,167028.2274545105,1127963.3929160996,0.0,259771.06383082547,87818.01631455508,178998.91191474418,0.0,616761.8626097534,131646.9980150312,0.21344866794775993,RELAX
10:52:53,0.2,1172055.8300684032,167028.2274545105,1127963.3929160996,0.0,259771.06383082547,87818.01631455508,178998.91191474418,0.0,616761.8626097534,131646.9980150312,0.21344866794775993,RELAX
10:52:53,0.2,1172055.8300684032,167028.2274545105,1127963.3929160996,0.0,259771.06383082547,87818.01631455508,178998.91191474418,0.0,616761.8626097534,131646.9980150312,0.21344866794775993,RELAX
10:52:53,0.2,1172055.8300684032,167028.2274545105,1127963.3929160996,0.0,259771.06383082547,87818.01631455508,178998.91191474418,0.0,616761.8626097534,131646.9980150312,0.21344866794775993,RELAX
10:52:54,0.2,1172055.8300684032,167028.2274545105,1127963.3929160996,0.0,259771.06383082547,87818.01631455508,178998.91191474418,0.0,616761.8626097534,131646.9980150312,0.21344866794775993,RELAX
10:52:54,0.2,1172055.8300684032,167028.2274545105,1127963.3929160996,0.0,259771.06383082547,87818.01631455508,178998.91191474418,0.0,616761.8626097534,131646.9980150312,0.21344866794775993,RELAX
10:52:54,0.2,1172055.8300684032,167028.2274545105,1127963.3929160996,0.0,259771.06383082547,87818.01631455508,178998.91191474418,0.0,616761.8626097534,131646.9980150312,0.21344866794775993,RELAX
10:52:54,0.2,1172055.8300684032,167028.2274545105,1127963.3929160996,0.0,259771.06383082547,87818.01631455508,178998.91191474418,0.0,616761.8626097534,131646.9980150312,0.21344866794775993,RELAX
10:52:54,0.2,1172055.8300684032,167028.2274545105,1127963.3929160996,0.0,259771.06383082547,87818.01631455508,178998.91191474418,0.0,616761.8626097534,131646.9980150312,0.21344866794775993,RELAX
10:52:55,0.2,1172055.8300684032,167028.2274545105,1127963.3929160996,0.0,259771.06383082547,87818.01631455508,178998.91191474418,0.0,616761.8626097534,131646.9980150312,0.21344866794775993,RELAX
10:52:55,0.2,1172055.8300684032,167028.2274545105,1127963.3929160996,0.0,259771.06383082547,87818.01631455508,178998.91191474418,0.0,616761.8626097534,131646.9980150312,0.21344866794775993,RELAX
10:52:55,0.2,1172055.8300684032,167028.2274545105,1127963.3929160996,0.0,259771.06383082547,87818.01631455508,178998.91191474418,0.0,616761.8626097534,131646.9980150312,0.21344866794775993,RELAX
10:52:55,0.2,1172055.8300684032,167028.2274545105,1127963.3929160996,0.0,259771.06383082547,87818.01631455508,178998.91191474418,0.0,616761.8626097534,131646.9980150312,0.21344866794775993,RELAX
10:52:55,0.2,1172055.8300684032,167028.2274545105,1127963.3929160996,0.0,259771.06383082547,87818.01631455508,178998.91191474418,0.0,616761.8626097534,131646.9980150312,0.21344866794775993,RELAX
10:52:56,0.2,1172055.8300684032,167028.2274545105,1127963.3929160996,0.0,259771.06383082547,87818.01631455508,178998.91191474418,0.0,616761.8626097534,131646.9980150312,0.21344866794775993,RELAX
10:52:56,0.2,1172055.8300684032,167028.2274545105,1127963.3929160996,0.0,259771.06383082547,87818.01631455508,178998.91191474418,0.0,616761.8626097534,131646.9980150312,0.21344866794775993,RELAX
10:52:56,0.2,1172055.8300684032,167028.2274545105,1127963.3929160996,0.0,259771.06383082547,87818.01631455508,178998.91191474418,0.0,616761.8626097534,131646.9980150312,0.21344866794775993,RELAX
10:52:56,0.2,1172055.8300684032,167028.2274545105,1127963.3929160996,0.0,259771.06383082547,87818.01631455508,178998.91191474418,0.0,616761.8626097534,131646.9980150312,0.21344866794775993,RELAX
10:52:56,0.2,1172055.8300684032,167028.2274545105,1127963.3929160996,0.0,259771.06383082547,87818.01631455508,178998.91191474418,0.0,616761.8626097534,131646.9980150312,0.21344866794775993,RELAX
10:52:57,0.2,1172055.8300684032,167028.2274545105,1127963.3929160996,0.0,259771.06383082547,87818.01631455508,178998.91191474418,0.0,616761.8626097534,131646.9980150312,0.21344866794775993,RELAX
10:52:57,0.2,1172055.8300684032,167028.2274545105,1127963.3929160996,0.0,259771.06383082547,87818.01631455508,178998.91191474418,0.0,616761.8626097534,131646.9980150312,0.21344866794775993,RELAX
10:52:57,0.2,1172055.8300684032,167028.2274545105,1127963.3929160996,0.0,259771.06383082547,87818.01631455508,178998.91191474418,0.0,616761.8626097534,131646.9980150312,0.21344866794775993,RELAX
10:52:57,0.2,1172055.8300684032,167028.2274545105,1127963.3929160996,0.0,259771.06383082547,87818.01631455508,178998.91191474418,0.0,616761.8626097534,131646.9980150312,0.21344866794775993,RELAX
10:52:58,0.2,1172055.8300684032,167028.2274545105,1127963.3929160996,0.0,259771.06383082547,87818.01631455508,178998.91191474418,0.0,616761.8626097534,131646.9980150312,0.21344866794775993,RELAX
10:52:58,0.2,1172055.8300684032,167028.2274545105,1127963.3929160996,0.0,259771.06383082547,87818.01631455508,178998.91191474418,0.0,616761.8626097534,131646.9980150312,0.21344866794775993,RELAX
10:52:58,0.2,1172055.8300684032,167028.2274545105,1127963.3929160996,0.0,259771.06383082547,87818.01631455508,178998.91191474418,0.0,616761.8626097534,131646.9980150312,0.21344866794775993,RELAX
10:52:58,0.2,1172055.8300684032,167028.2274545105,1127963.3929160996,0.0,259771.06383082547,87818.01631455508,178998.91191474418,0.0,616761.8626097534,131646.9980150312,0.21344866794775993,RELAX
10:52:58,0.2,1172055.8300684032,167028.2274545105,1127963.3929160996,0.0,259771.06383082547,87818.01631455508,178998.91191474418,0.0,616761.8626097534,131646.9980150312,0.21344866794775993,RELAX
10:52:59,0.2,1172055.8300684032,167028.2274545105,1127963.3929160996,0.0,259771.06383082547,87818.01631455508,178998.91191474418,0.0,616761.8626097534,131646.9980150312,0.21344866794775993,RELAX
10:52:59,0.2,1172055.8300684032,167028.2274545105,1127963.3929160996,0.0,259771.06383082547,87818.01631455508,178998.91191474418,0.0,616761.8626097534,131646.9980150312,0.21344866794775993,RELAX
10:52:59,0.2,1172055.8300684032,167028.2274545105,1127963.3929160996,0.0,259771.06383082547,87818.01631455508,178998.91191474418,0.0,616761.8626097534,131646.9980150312,0.21344866794775993,RELAX
10:52:59,0.2,1172055.8300684032,167028.2274545105,1127963.3929160996,0.0,259771.06383082547,87818.01631455508,178998.91191474418,0.0,616761.8626097534,131646.9980150312,0.21344866794775993,RELAX
10:52:59,0.2,1172055.8300684032,167028.2274545105,1127963.3929160996,0.0,259771.06383082547,87818.01631455508,178998.91191474418,0.0,616761.8626097534,131646.9980150312,0.21344866794775993,RELAX
10:53:00,0.2,1172055.8300684032,167028.2274545105,1127963.3929160996,0.0,259771.06383082547,87818.01631455508,178998.91191474418,0.0,616761.8626097534,131646.9980150312,0.21344866794775993,RELAX
10:53:00,0.2,1172055.8300684032,167028.2274545105,1127963.3929160996,0.0,259771.06383082547,87818.01631455508,178998.91191474418,0.0,616761.8626097534,131646.9980150312,0.21344866794775993,RELAX
10:53:00,0.2,1172055.8300684032,167028.2274545105,1127963.3929160996,0.0,259771.06383082547,87818.01631455508,178998.91191474418,0.0,616761.8626097534,131646.9980150312,0.21344866794775993,RELAX
10:53:00,0.2,1172055.8300684032,167028.2274545105,1127963.3929160996,0.0,259771.06383082547,87818.01631455508,178998.91191474418,0.0,616761.8626097534,131646.9980150312,0.21344866794775993,RELAX
10:53:00,0.2,1172055.8300684032,167028.2274545105,1127963.3929160996,0.0,259771.06383082547,87818.01631455508,178998.91191474418,0.0,616761.8626097534,131646.9980150312,0.21344866794775993,RELAX
10:53:01,0.2,1172055.8300684032,167028.2274545105,1127963.3929160996,0.0,259771.06383082547,87818.01631455508,178998.91191474418,0.0,616761.8626097534,131646.9980150312,0.21344866794775993,RELAX
10:53:01,0.2,1172055.8300684032,167028.2274545105,1127963.3929160996,0.0,259771.06383082547,87818.01631455508,178998.91191474418,0.0,616761.8626097534,131646.9980150312,0.21344866794775993,RELAX
10:53:01,0.2,1172055.8300684032,167028.2274545105,1127963.3929160996,0.0,259771.06383082547,87818.01631455508,178998.91191474418,0.0,616761.8626097534,131646.9980150312,0.21344866794775993,RELAX
10:53:01,0.2,1172055.8300684032,167028.2274545105,1127963.3929160996,0.0,259771.06383082547,87818.01631455508,178998.91191474418,0.0,616761.8626097534,131646.9980150312,0.21344866794775993,RELAX
10:53:01,0.2,1172055.8300684032,167028.2274545105,1127963.3929160996,0.0,259771.06383082547,87818.01631455508,178998.91191474418,0.0,616761.8626097534,131646.9980150312,0.21344866794775993,RELAX
ts,interval_sec,TP9_alpha,AF7_alpha,AF8_alpha,TP10_alpha,TP9_beta,AF7_beta,AF8_beta,TP10_beta,alpha_mean,beta_mean,ratio,state
11:15:25,0.2,33.4372275498278,4647881.970138523,305115.67885963275,2244726.253150837,27.100204980886854,604752.7012107112,200852.9644089859,729780.3047310928,1799439.3348441357,383853.2676389427,0.2133182598635321,RELAX
11:15:25,0.2,419177.3386991534,948247.3519575156,620289.4839541736,598454.0255912431,213956.4845339579,359901.0789278609,927684.5029551858,1424559.3514715054,646542.0500505214,731525.3544721275,1.1314428108967785,BALANCED
11:15:26,0.2,3536838.2845407533,7086486.60687412,128123.74113173582,3086785.970375013,984385.1620196411,1555773.9649536118,250424.1236773304,1122342.8909026969,3459558.6507304055,978231.53538832,0.2827619457128698,RELAX
11:15:26,0.2,0.0,14284.281701648199,1484736.8150890328,1007022.2708059098,0.0,10858.571184160317,863624.7863161206,314664.4700984554,626510.8418991477,297286.9568996841,0.4745120706906134,RELAX
11:15:26,0.2,102174.13038398507,4027663.1484954334,362976.3391764488,477433.774749518,228669.99346704883,1213748.0786146608,864532.228415205,1323804.8441741976,1242561.8482013464,907688.7861677781,0.7304978721837394,BALANCED
11:15:26,0.2,7050449.853423784,0.0,0.0,618709.7377618185,1750481.213702826,0.0,0.0,2667033.9321952593,1917289.8977964006,1104378.7864745213,0.5760103298639487,RELAX
11:15:26,0.2,9428435.914044641,726172.2145682963,751970.2280107313,35884.86600226194,865101.6558286102,317822.51282693574,363645.58987819473,29156.052874566016,2735615.8056564825,393931.4528520767,0.1440010150685405,RELAX
11:15:27,0.2,2412940.367773996,793456.8629976584,735028.3493990168,97241.51942817427,249271.300321702,404326.63249244384,320950.97965960315,925695.8988306565,1009666.7748997115,475061.20282610133,0.4705128609122434,RELAX
11:15:27,0.2,427583.8358604922,2518075.298729913,84282.38194665119,0.015845963701998818,506270.00880837097,797890.9696216747,72146.8731897901,0.08650925428097274,757485.383095755,344076.98453227256,0.45423580733144947,RELAX
11:15:27,0.2,235842.97157346626,0.054985579401744304,2245044.8954305016,5069662.630077947,190139.0646334437,0.009621772333702141,765800.2960295184,544456.3535714296,1887637.6380168735,375098.93096404104,0.19871342010223683,RELAX
11:15:27,0.2,2760846.058862271,1826506.3379882355,0.0009626143836275282,742088.8856959176,278678.1429337802,665132.8049635264,0.003056259444117584,362080.88954900013,1332360.3208772594,326472.96012564155,0.2450335356059565,RELAX
11:15:27,0.2,8471148.389630407,1670821.9008589431,0.007966863841060358,687526.3138687612,1627825.4429250688,573524.9555521376,0.02131635588619399,390469.97551544773,2707374.1530812434,647955.0988272525,0.23932972030844699,RELAX
11:15:28,0.2,308038.07889024564,5450990.544931968,2961464.69563915,0.05213760167665672,859912.3843844909,376036.5822852017,421573.5500260305,0.0450037209321427,2180123.3428997416,414380.64042486105,0.19007210843112254,RELAX
11:15:28,0.2,1052775.9724293586,0.0,528758.2258143022,0.06826175531502233,254868.6683513485,0.0,163931.29470764723,0.03822727799995377,395383.56662635406,104700.00032156843,0.26480615068281826,RELAX
11:15:28,0.2,0.10212215249442023,1812617.3354053872,3490498.7786925957,1337737.746173562,0.1039053091076539,123430.70734318827,358030.5096770632,313897.08570836147,1660213.4905984243,198839.60165848053,0.11976748941294818,RELAX
11:15:28,0.2,4921532.687466175,576754.6868421314,1687435.4092948788,861917.5474276869,1199816.7650294944,651577.908262696,69200.80769664339,431316.4070238569,2011910.0827577182,587977.9720031726,0.2922486332973854,RELAX
11:15:28,0.2,2451657.2695883894,151854.39543632895,4757.110550216585,0.006555373212557207,294838.7310185199,67819.8081169497,3849.808127023667,0.03159024780903322,652067.195532577,91627.09471318527,0.1405178719937731,RELAX
11:15:29,0.2,929165.7787683778,3593208.793404692,1155905.3440801753,903366.4589245338,556526.4242062717,1195152.3749104624,386437.0378220691,294845.820046599,1645411.5937944448,608240.4142463505,0.369658519813697,RELAX
11:15:29,0.2,5865874.003492278,1447163.2248393935,1761376.9743496778,2433879.195038755,597845.2587231108,291624.1982754318,279038.13705667324,224533.54563272907,2877073.349430026,348260.2849219862,0.12104671748844349,RELAX
11:15:29,0.2,105669.86687910717,815534.4194699337,1743728.937724182,86985.60265624845,1050220.0332748669,510893.8886398008,1176910.2392749914,920458.508394159,687979.7066823678,914620.6673959545,1.3294297179294914,FOCUS
11:15:29,0.2,633666.8971982133,17.488013138976658,2848094.0221512974,4246.747350619259,812184.591905933,14.635839945879264,596926.7849296798,3657.410606528853,871506.2886783172,353195.8558205219,0.40527057625270957,RELAX
11:15:29,0.2,456421.5644920236,110638.81522594727,71029.00879894682,1036286.605239656,256155.84965548394,34575.457226127335,58124.57229045328,580340.8312073709,418593.9984391434,232299.17759485886,0.5549510467447165,RELAX
11:15:30,0.2,187040.98541395887,121349.29790249272,35204.36289795154,771103.0588733619,141927.91383619083,25633.055869719963,4253.133142161497,392413.0256313986,278674.4262719413,141056.78211986774,0.5061705302739875,RELAX
11:15:30,0.2,2261249.773892083,60290.20332006995,113253.24625535244,2389787.1274150237,252553.817808138,12901.025958706734,38084.373370565634,364035.39583580615,1206145.0877206326,166893.6532433041,0.13836946727420577,RELAX
11:15:30,0.2,804177.247006695,31306.313318645825,12694.514978919931,932609.9102788408,418060.36117846315,36022.65141580231,5167.587110461013,425550.89782886766,445196.99639577535,221200.37438339854,0.4968595389775581,RELAX
11:15:30,0.2,726224.0544888349,48306.26773131084,98834.40139717725,3694006.3637592886,338778.7400814161,10069.749723152387,4052.3712750041145,1092282.852902704,1141842.7718441528,361295.92849556915,0.3164147791661823,RELAX
11:15:30,0.2,903363.0199787277,65054.97966782864,11407.693486113665,6.461081494911088,296015.130118513,12399.074738692498,21237.385769679,4.92636303148083,244958.03855354124,82414.129247479,0.33644182380838866,RELAX
11:15:31,0.2,692892.6790618359,111811.833550707,157067.81743862227,718788.1990239597,496179.9954883394,13287.231220573112,4663.187017370096,322179.9214269535,420140.1322687812,209077.583788309,0.49763773496066155,RELAX
11:15:31,0.2,2339078.5594525603,28830.66615814565,323143.0845034522,947321.0710012008,361615.1469362867,15451.142023701743,29098.12302085731,366680.4299932912,909593.3452788398,193211.21049353422,0.21241493409816503,RELAX
11:15:31,0.2,0.3537223839994354,2101.7774594064167,13396.31561306547,0.08127503297249392,0.05729959024068184,721.023841872051,1032.608472973409,0.024839243774728226,3874.6320174722146,438.42861341986884,0.11315361341227363,RELAX
11:15:31,0.2,990569.3151107546,1597.3476600431088,3302.180239955828,3825531.4592259186,1035370.4714909187,660.3319379413607,2312.2906297020318,781620.1930856273,1205250.0755591681,454990.8217860473,0.3775073995120533,RELAX
11:15:32,0.2,1413713.1005529265,25152.589672410915,423505.6146230882,0.0,764299.7028090443,137111.20487661086,50495.17981184816,0.0,465592.8262121064,237976.52187437585,0.511125834584837,RELAX
11:15:32,0.2,695644.8212980829,4310971.706268541,1384529.2640967132,36034.20572891492,253822.1506224447,791609.0570075888,2146294.085764819,709703.1378646191,1606794.999348063,975357.1078148679,0.6070202534925779,RELAX
11:15:32,0.2,772963.6517502312,599450.855784543,704984.0477723165,1242099.676188866,896835.0287012743,448456.38496801275,2128674.067446954,332980.85427032784,829874.5578739891,951736.5838466422,1.1468439113073243,BALANCED
11:15:32,0.2,1445558.9774502115,2114096.544868551,969321.2778589291,1895571.264269241,423821.384042885,248593.29915651632,309126.8101953512,425361.4635132954,1606137.0161117332,351725.739227012,0.2189886265609507,RELAX
11:15:32,0.2,790597.7740998155,2448870.3249970037,181015.073355945,442952.35345255985,377397.509215197,139247.66742852647,11022.096151472591,317055.99138439744,965858.881476331,211180.81604489835,0.21864562214524033,RELAX
11:15:33,0.2,1502179.1252750994,1275132.0391183333,3566245.2347913575,833787.0295584822,296810.35642470117,579008.8383846501,767021.2115641743,381592.0788749836,1794335.857185818,506108.1213121273,0.2820587457388785,RELAX
11:15:33,0.2,1308333.4621475723,0.7249797985055014,108005.62885920603,2265805.740980236,496133.8327878874,0.5951113063114436,58767.08323763683,320911.9842214898,920536.3892417032,218953.3738395801,0.23785412113902865,RELAX
11:15:33,0.2,1257474.8359102649,59480.62479522275,13862.18375154151,0.24032860399926484,333810.9164305809,7266.112569659355,1441.5787317624734,0.04269251300441903,332704.4711964082,85629.66260612894,0.25737454714150343,RELAX
11:15:33,0.2,5488550.104209874,7311.128500414789,9657.876519763693,715016.9251845691,1536077.3058086296,2264.5580895933545,760.4798287065983,299798.84534764645,1555134.0086036555,459725.29726864403,0.29561780189054465,RELAX
11:15:33,0.2,0.005077022453312236,1909.3158285819195,1077.9323981258071,18295.679452688644,0.010287997134828948,148.6134326973449,152.4175488399862,8262.504210805508,5320.733189104706,2140.8863700849934,0.4023667968295982,RELAX
11:15:34,0.2,0.10257615762049212,7930.242818652622,26623.719704624225,0.0641712624920329,0.04097011366099049,951.7593759551687,6267.130039419396,0.061446275282675704,8638.53231767424,1804.747957940877,0.2089183545969266,RELAX
11:15:34,0.2,34253.515040083534,506.716035066548,8096.3591592141,851242.2499502113,4495.138990517628,729.9487461496213,1077.6154238330519,30191.394043208464,223524.71004614385,9123.52430092719,0.040816625146471525,RELAX
11:15:34,0.2,799.770591306341,2707.215171244139,429.0922356155335,0.12806118811280987,632.8104599990485,413.08714180187116,409.9159670653262,0.016272820714523555,984.0515148385316,363.95746042174005,0.3698561050246034,RELAX
11:15:34,0.2,0.2620466210991595,35095.24540553619,3210.760764762065,0.049038364965143896,0.09480899817313193,8820.215321638465,1222.9653715710608,0.05296136796857177,9576.579313821081,2510.832115893917,0.2621846521200155,RELAX
11:15:34,0.2,39036.36938558174,30029.576219235085,4302.961041442352,81815.55086070075,4338.172671702224,17406.0095835726,1111.7323532894893,11986.29731068899,38796.11437673998,8710.552979813325,0.22452127280652864,RELAX
11:15:35,0.2,638195.3465365912,1172.8241646791444,137339.21444719654,252460.73222645774,735400.8021781147,5832.994984881986,16324.129628242978,13416.95916028433,257292.02934373118,192743.72148788098,0.749124339294567,BALANCED
11:15:35,0.2,360250.9687147266,545.0713031528076,13463.547278036776,775639.7578594564,389991.29917126894,330.7747003528421,3619.2272974019356,1018900.6837232853,287474.83628884313,353210.4962230773,1.228665787875032,FOCUS
11:15:35,0.2,724611.5539266623,1834.2118167227934,912.8363238593074,0.015214739483173374,295285.8473317679,465.89979070794243,285.2498495082141,0.06056224000241763,181839.65432049596,74009.26438355602,0.4070028875721092,RELAX
11:15:35,0.2,199261.583728314,55.287619008789356,224.51865277802145,0.07223543510848407,23242.66054740373,58.137592382719134,211.11629719058536,0.0577600720111261,49885.36555888398,5877.993049262262,0.11783000852873297,RELAX
11:15:35,0.2,18839.16385842219,821.5539316755403,535.3061609371297,98365.71581311431,8814.724223484829,116.0062937186492,199.24596348153787,16275.02459815495,29640.434941037292,6351.250269709992,0.21427655438742102,RELAX
11:15:36,0.2,7177.138488591752,1304.9704161903526,1300.2380802461062,22654.957041363676,2164.4317470599485,192.69237095987296,214.60762533756562,8526.608320970314,8109.326006597972,2774.585016081925,0.3421474255473816,RELAX
11:15:36,0.2,3915.2370884991437,248.80608338746265,13261.036518630566,1571.9018491511872,789.240582349793,96.48461627081099,1810.0470708292548,2358.8707823261907,4749.245384917091,1263.6607629440123,0.2660761153671306,RELAX
11:15:36,0.2,28699.770909839735,50.5389300282964,179.51759998139894,3263.823414204576,1419.7434420583922,47.79589719414265,93.69050203071545,1210.911204897918,8048.412713513501,693.0352615452921,0.08610831554173001,RELAX
11:15:36,0.2,21985.12517251952,12.722723421277,5545.740080295856,80.89079432670023,384.0484971911662,100.90539551692211,445.81160166794365,1407.0317624828429,6906.119692640838,584.4493142147187,0.08462774180376686,RELAX
11:15:37,0.2,20609.11820036835,178.8618130491286,262.78024294481907,3229.6806750974797,2644.0900066037316,62.189286461000535,113.69559099563918,465.437034095341,6070.110232864945,821.352979538928,0.13531104840434988,RELAX
11:15:37,0.2,9127.499556539138,157.24209603886075,2379.79055594225,1904.2456492260858,2842.9543937898065,23.271794290784968,101.03195437738707,1559.7399323704497,3392.194464436584,1131.749518707107,0.3336334430623751,RELAX
11:15:37,0.2,2646.77961250913,155.6394045871064,595.5711222053052,4580.743690380628,4457.183306903637,111.99755130809399,60.98658125846398,690.3555440583982,1994.6834574205425,1330.130745882148,0.6668380092760323,RELAX
11:15:37,0.2,16137.825337786846,1751.2384995473153,1581.74796925203,32420.620425982135,13960.525067169438,86.92284021885473,526.7013795094998,1271.4622546491103,12972.858058142083,3961.4028853867253,0.3053608439738113,RELAX
11:15:37,0.2,13114.841308824227,279.3118129407682,617.12340681733,4026.016550004921,32643.60100106325,56.83608667230599,199.34479819571962,2810.19662932768,4509.323269646812,8927.494628814738,1.9797859002275466,FOCUS
11:15:38,0.2,9897.184960825914,1.8949830227190945,71.92762340183808,7472.578477987217,2283.763983877055,86.96220723875348,50.308753795786174,3042.417002195105,4360.896511309422,1365.862986776675,0.31320692505187536,RELAX
11:15:38,0.2,21640.669919869095,124.75819590560205,4.574744427190199,48246.43764159367,3003.1446515378116,64.97599849063387,176.16242056270542,5476.7929779650685,17504.11012544889,2180.269012139055,0.1245575465712595,RELAX
11:15:38,0.2,9913.177209363706,105.54071307070002,357.6314663527902,17121.722323494003,9919.412978862609,87.95105550347147,65.25328947934058,831.5492275940977,6874.5179280703,2726.0416378598798,0.3965429527398278,RELAX
11:15:38,0.2,12989.379766918966,42.949975405589335,48.41081014466794,8415.704170258829,2784.6057463909406,37.19713043407388,60.074425038287366,5051.945428264174,5374.111180682013,1983.455682531869,0.36907604175769104,RELAX
11:15:38,0.2,5178.65164075355,112.38741704923358,385.9415898674158,1220.30272306751,2817.461904379081,159.16377679755678,55.41429342116459,1152.1896352018491,1724.3208426844274,1046.0574024499128,0.6066489347895417,RELAX
11:15:39,0.2,3327.2596515156724,14.572638236267716,73.91648758118305,1772.2509956505933,1380.7042827131982,33.1659466081677,25.299043351907198,841.0406361954059,1296.999943245929,570.0524772171698,0.4395161928770262,RELAX
11:15:39,0.2,494.6739380633159,114.20680665250923,63.482124852494074,892.7243953165874,2046.9895038446787,86.96580820685426,47.30675628630388,5421.197775985612,391.2718162212267,1900.614961080862,4.8575309600276615,FOCUS
11:15:39,0.2,62348.21006828551,3024.8744669184102,893.7441212320914,58738.04458071069,18051.68306651378,315.1647404204345,85.00380441971357,31604.14410835071,31251.218309286673,12513.998929926158,0.4004323545430379,RELAX
11:15:39,0.2,123675.2583140495,528.6232566818541,105.6986716827121,24421.877182287975,3408.03431831804,234.70049743393727,199.73168836597816,33622.27804551064,37182.86435617551,9366.186137407149,0.2518952291487885,RELAX
11:15:39,0.2,124.7910882906708,1046.4077712024753,18.7223052571363,62082.48740253102,4265.026747245369,217.57208949257264,29.50228372498664,4144.715087251253,15818.102141820325,2164.204051928545,0.13681818669047308,RELAX
11:15:40,0.2,37352.45161481413,153.45327950354033,2397.260198199866,263795.2060117844,11285.396251050739,116.54818861683948,1268.0789557862329,14613.183484049028,75924.59277607547,6820.80171987571,0.08983652688124798,RELAX
11:15:40,0.2,37231.605120396125,574.961004842977,171.8547994570702,8034.468936292377,4012.3273272380757,344.6882775379751,198.2270513314015,4728.904683179196,11503.222465247136,2321.036834821662,0.2017727503605049,RELAX
11:15:40,0.2,14947.447248723127,17238.32083722453,247.65876938111,238611.11420808517,428.89443718904977,5874.701597179538,196.1615622696689,10643.344898629171,67761.13526585349,4285.775623816857,0.06324828542205026,RELAX
11:15:40,0.2,1139.6226696056287,121.78915555400694,1020.208100775241,23991.030947794938,2045.8907921023874,647.659241933539,162.06024565131378,2837.619221327855,6568.162718432453,1423.307375253774,0.21669794678799584,RELAX
11:15:40,0.2,12807.78199790732,10926.84890097096,116.71192263707765,14835.52722285414,673.6986289893533,1555.1251033882224,152.21655971835983,1977.2907534467174,9671.717511092374,1089.5827613856632,0.11265659487428516,RELAX
11:15:41,0.2,6303.16348645343,4765.164869757913,8765.88448037492,3522.9774633930024,4269.093158327793,967.1067251218897,1117.1907416662996,4638.905803908477,5839.297574994816,2748.074107256115,0.4706172398241846,RELAX
11:15:41,0.2,2411.2974715768155,2449.6737543851805,776.7325837050354,45879.359941651965,1287.2462852635335,322.2303432909799,890.5784210219618,1518.841447796148,12879.265937829749,1004.7241243431558,0.07801097742628485,RELAX
11:15:41,0.2,11526.960674187769,26214.623668167245,2032.4989443081888,91524.1794154199,3828.526651699352,2930.332556947605,345.29211715174165,20378.713746822814,32824.565675520775,6870.716268155378,0.20931628878426498,RELAX
11:15:41,0.2,2291.635829805304,3645.993536039948,2477.2854150901003,157247.85667059655,10818.474101802463,285.62230866072025,730.3361237081558,7693.744817945964,41415.69286288298,4882.044338029325,0.11787909366124952,RELAX
11:15:42,0.2,14617.195020446661,4680.1494217194095,680.2409874851794,88695.79507264675,2509.91002986112,169.55061495099505,361.5302932371392,18521.42199411021,27168.345125574502,5390.603233039866,0.19841485405621945,RELAX
11:15:42,0.2,10253.401086335038,652.0340889906403,441.4182118449976,110216.11417818951,39996.31722357518,97.33286398157144,170.92816882635034,117876.46398793509,30390.741891340047,39535.26056107954,1.300898171635134,FOCUS
11:15:42,0.2,9737.881142370281,802.6604815788326,10347.931779836947,133721.0758741966,9451.749615187562,504.1120423527302,1445.6054120361223,34676.25896330285,38652.38731949567,11519.431508219815,0.2980263913067432,RELAX
11:15:42,0.2,2700.111490077895,521.5871317802051,11487.988602040194,268765.3600352883,5014.165839994237,111.21826586258594,3496.556136086068,35328.68115761148,70868.76181479666,10987.655349888591,0.15504229322649862,RELAX
11:15:42,0.2,64975.5394817013,1026.872740772222,118.96003383276725,554577.0788243667,50912.584421589774,120.55246727602328,134.87099787491331,196676.1890548234,155174.61277016823,61961.04923539102,0.3992988809784407,RELAX
11:15:43,0.2,95641.08733908695,1075.6763273679178,103.21936252293641,203198.5654119404,442819.5504300568,50.34982976125978,336.5633066642481,71872.40850393097,75004.63711022955,128769.71801760331,1.7168234255751234,FOCUS
11:15:43,0.2,115222.88596813052,4408.99440427936,30590.69701270424,849988.0131919518,665105.9679015448,535.4144677137947,51553.720178820426,301874.7090879672,250052.6476442665,254767.45290901154,1.0188552503209345,BALANCED
11:15:43,0.2,6322.885435504682,41081.37577599568,273605.82475744537,1278355.5913614098,4255.264041739613,18229.69831880234,42798.967404174364,886464.9796971151,399841.4193325889,237937.22736545786,0.59507898847153,RELAX
11:15:43,0.2,1805337.908675189,20877.2222781445,36351.16163117794,1056833.1120557738,288967.3137222058,6850.71136561593,24135.786623556418,388818.28636789165,729849.8511600713,177193.02451981744,0.24278010639883696,RELAX
11:15:43,0.2,732484.2662306945,4893.947224805995,4765.105296956038,2299005.4208042235,333302.9545130382,875.8519153784765,554.1247478738684,274762.842806298,760287.18488917,152373.94349564714,0.2004162986357047,RELAX
11:15:44,0.2,0.004691858029028169,1071.3662646216771,532.0976286453465,0.01210955176576826,0.14429030449303346,670.0548229001029,523.6563212502814,0.034719547244305246,400.8701736692046,298.4725385005304,0.7445616014995118,BALANCED
11:15:44,0.2,1502414.167805993,220.1291319668913,24.495082319742146,98403.06687072669,312095.593716441,224.72378420035452,693.7912310466137,260536.91204278,400265.4647227516,143387.755193617,0.35823164332435264,RELAX
11:15:44,0.2,0.23599800922445557,947.9647219400689,537.3570613431074,422619.49598030717,0.10998250808460286,115.02511617079453,214.7939950815102,70628.26205032736,106026.2634403999,17739.54778602194,0.16731276959499566,RELAX
11:15:44,0.2,170723.05881610618,646.5670766590978,46910.478902089526,433187.54945206956,65007.62251632934,46.629993529372705,10851.525402216992,31121.950616804246,162866.91356173108,26756.932132219987,0.16428709519369855,RELAX
11:15:44,0.2,106344.7155769102,1033.3576124963238,3903.792593262102,5620.646539786373,16190.669043639673,556.6093180539773,170.57697581290952,8364.613120628983,29225.62808061375,6320.617114533886,0.2162696759535698,RELAX
11:15:45,0.2,14927.829497199631,902.19748963587,555.4566924541714,3988.021498790779,2730.3214642213375,125.80309170259919,660.9547201588639,19593.82200914372,5093.376294520112,5777.725321306631,1.134360586615758,BALANCED
11:15:45,0.2,7318.593581173707,178.01669425815246,430.63909847766155,13521.131576712545,4805.2543626266215,50.41326659751835,130.53032679358955,34812.3493894457,5362.095237655517,9949.636836365857,1.8555501898761804,FOCUS
11:15:45,0.2,48866.076672775125,713.2321074520715,146.17722573254926,140362.35262269707,12824.772796051418,149.64893898872245,127.88429776822828,59427.80819431629,47521.9596571642,18132.528556781166,0.38156104435915417,RELAX
11:15:45,0.2,568.0195504669256,217.71686693416243,97.58996243856299,249949.1196345634,1315.3396108859783,93.98765034970876,76.67134775471617,27257.878876167564,62708.11150360076,7185.969371289491,0.1145939368765214,RELAX
11:15:45,0.2,22467.053679647568,351.1522184290834,53.07821376817538,329731.4243950817,4212.468706089998,76.52701767260926,177.89333312347955,9876.795515814107,88150.67712673164,3585.921143175048,0.04067945091357239,RELAX
11:15:46,0.2,303.0920676582715,152.23731671748845,436.9190536182569,16877.448905648107,408.58332221168075,25.510782745892982,161.6386858569638,5794.836416291238,4442.424335910531,1597.6423017764437,0.35963297987133563,RELAX
11:15:46,0.2,546.3119108283504,105.65568374944334,42.90581672988052,5013.908473263037,112.78527523115417,39.45607381104306,51.98209656136933,746.8952411557221,1427.195471142678,237.77967168982218,0.16660624034873436,RELAX
11:15:46,0.2,1488.1373058544025,233.35123996460035,403.89952135308783,25920.32638254644,577.8036252767316,78.44727889689803,339.7597623955046,1664.7498943249911,7011.428612429632,665.1901402235313,0.09487226883324519,RELAX
11:15:46,0.2,2613.427779862073,227.18674396316672,2020.838644060753,2174.266783296111,1630.1896731464758,244.42296075475224,314.5400807483952,2721.614783952824,1758.929987795526,1227.6918746506117,0.6979765443588137,RELAX
11:15:47,0.2,359.9682305749123,253.4723356501404,104.56719753498692,338.2926502474705,222.3528023706904,97.76971006566407,155.83864757768353,500.9351929043844,264.0751035018775,244.2240882296056,0.9248281454441207,BALANCED
11:15:47,0.2,2871.093539001056,102.81478376176271,10124.784082857865,51180.49450417095,1052.2706522542258,55.45860919750413,1704.9338177484024,624.9954904440613,16069.796727447909,859.4146424110484,0.053480119069778335,RELAX
11:15:47,0.2,1.6985540547745717,264.8450100019297,3270.0764531016193,4553.232785016229,259.1254924351132,34.85006354418261,137.02083500194883,872.7595618214091,2022.4632005436383,325.9389882006634,0.1611594159602266,RELAX
11:15:47,0.2,3128.928029632886,1536.0749713591754,163677.91998388115,8998.48843703212,562.6871750646727,107.45733124924516,3738.136777226153,455.84311855522384,44335.35285547633,1216.0311005238236,0.027428023511797055,RELAX
11:15:47,0.2,1648.049862938218,180.71543622167212,32907.90841666514,4718.803790802484,2015.820201032935,295.56373023420775,13621.306924351395,2655.748489005408,9863.869376656878,4647.109836155986,0.4711244298463138,RELAX
11:15:48,0.2,658.8686187911692,1454.2868163201656,1228.6280561152505,111.68211739251285,1106.095349790797,1817.8060893082336,843.9542820113738,3064.028171354341,863.3664021547745,1707.9709731161863,1.978268981574292,FOCUS
11:15:48,0.2,6464.594483963116,3855.107681454289,2636.3720230330364,6213.747417783637,686.4303035655927,614.3463141651603,1086.1732060134243,1114.872397038239,4792.455401558519,875.4555551956041,0.1826736989374807,RELAX
11:15:48,0.2,2056.266439914075,631.3630733730082,225.70684154437433,3258.245779653911,255.88921665304233,1409.2749011851126,399.33397205127767,546.1335865929495,1542.895533621342,652.6579191205956,0.4230084959729821,RELAX
11:15:48,0.2,70.61497349059438,8371.765581177437,16171.61897074982,16309.65963453914,191.62094465016858,491.5249640376184,1955.7378263826986,1737.3126543482995,10230.914789989249,1094.0490973546962,0.10693560838031825,RELAX
11:15:48,0.2,1247.6898042665443,121.45604637098982,822.1905384004672,1900.7745673992679,677.1752553585196,177.4237871475315,565.8917369680349,2043.7604778421244,1023.0277391093173,866.0628143290526,0.8465682612702919,BALANCED
11:15:49,0.2,120.55192101643206,128.26335216413287,2538.7544551098695,3697.946933241058,392.4006977077427,50.933132803884725,344.6921004180219,448.0578083704129,1621.379165382873,309.02093482501556,0.19059140602194877,RELAX
11:15:49,0.2,1387.2196691817621,1751.0815225529982,11868.415122467059,11429.496399271618,191.57186291816205,324.4873945158209,5979.401944005886,620.102895762478,6609.053178368359,1778.8910243005867,0.2691597383605496,RELAX
11:15:49,0.2,1879.5148829621146,195.55303756390123,2770.6458147759868,3459.6992456089556,302.4525852952497,71.6266257398723,537.6047437607754,545.6569741950308,2076.3532452277395,364.33523224773205,0.175468809599289,RELAX
11:15:49,0.2,1025.821157511368,947.8272170296567,1408.1781809924414,2573.4244177480077,370.1389675788114,285.7622466144642,1353.2509573094821,3642.429414762885,1488.8127433203686,1412.8953965664107,0.9490081294007155,BALANCED
11:15:49,0.2,2012.7368503025916,717.9091500449247,9160.829407949588,7890.00845402819,339.54073598771623,405.9156160028411,2396.550463425977,1191.5445950054002,4945.370965581324,1083.3878526054837,0.21907109904304872,RELAX
11:15:50,0.2,67.87512356719925,1189.879289356709,205.40166610668393,4230.717403763351,26.457076211132772,240.06379131495808,680.950121452352,4692.370547118095,1423.4683706984858,1409.9603840241343,0.9905105115418031,BALANCED
11:15:50,0.2,195.08341960922738,63.695332658091196,5715.604424824601,1725.013328383076,64.39861959403883,114.83286388921259,545.6600296071346,534.6054450553896,1924.8491263687488,314.8742395364439,0.1635838545592703,RELAX
11:15:50,0.2,392.6698146309555,64.35486924961465,5584.088154187346,1211.642940103068,232.1645845195934,61.48333849676715,1887.9751431831992,418.27037968755326,1813.1889445427462,649.9733614717782,0.3584697355606753,RELAX
11:15:50,0.2,625.9588717270474,438.92508154409995,5432.014682641544,19166.682054789126,641.4053469091392,121.25156366132012,716.8558404774467,5304.777123092558,6415.895172675454,1696.072468535116,0.26435476623098364,RELAX
11:15:50,0.2,569.0839308306355,258.18998807345616,3495.426464908411,4369.211552373755,73.4420682209096,15.271254691541719,282.9016268010036,953.5482717787436,2172.9779840465644,331.29080537304964,0.15245934740494382,RELAX
11:15:51,0.2,2883.3612083811454,749.4567858125616,12856.12780559435,21.57060866942417,1231.558402376428,76.25824545956617,1703.4303315743737,539.9423536977289,4127.62910211437,887.7973332770241,0.2150865088198578,RELAX
11:15:51,0.2,133.71161505707138,9.932942517358956,3076.0205894388914,4107.455897900632,480.0882563587215,118.17149596235193,720.1415884785289,1852.5911559578637,1831.7802612284886,792.7481241893665,0.43277468426136867,RELAX
11:15:51,0.2,222.8282054611781,329.88119474418465,538.9590625340822,6423.4064657561285,387.355535935015,67.52375775909628,144.03768341727036,2467.732122138781,1878.7687321238934,766.6622748125407,0.4080663371195513,RELAX
11:15:51,0.2,1046.0680402940131,126.24953777172044,844.897650081077,43067.98133069672,863.8593918606451,18.70459398940324,269.3044951884788,37079.231341546794,11271.299139710882,9557.77495564633,0.8479745623973826,BALANCED
11:15:52,0.2,159.56366871075434,22.765517536137907,574.4703886729121,4029.548191064544,680.2924255739659,10.207055103983752,83.7305367509117,2983.4079243880406,1196.586941496087,939.4094854542254,0.7850741579042189,BALANCED
11:15:52,0.2,3178.558251893081,880.5116997042911,236.4617371360346,12866.174575852972,389.0678675256836,130.7140782992878,100.6347549466666,7842.239040541916,4290.426566146594,2115.6639353283886,0.4931127249728346,RELAX
11:15:52,0.2,715.6303435053302,337.96852658014234,148.4494570097719,397.2793747399452,256.3902334320676,55.57074622016443,41.63987234155315,4017.144957013484,399.8319254587974,1092.6864522518174,2.7328644429730975,FOCUS
11:15:52,0.2,8693.369574211778,665.5192746692012,324.2658089027022,9938.559860664667,1236.2587685786918,463.313395696305,290.0709904784933,4029.787123150574,4905.428629612087,1504.8575694760161,0.30677391989596997,RELAX
11:15:52,0.2,334.47940282829717,1386.7553709653748,9196.858526962333,24640.400665141646,3256.9427968107666,449.69810234913274,761.3286795225753,3263.1831605953225,8889.623491474413,1932.7881848194493,0.21742070253853704,RELAX
11:15:53,0.2,1032.3027699992429,152.04020773915178,1825.3203152010908,61357.830126194895,2536.404886039502,44.79910591418064,140.12712959023142,6034.038989980672,16091.873354783595,2188.8425278811465,0.13602161038823204,RELAX
11:15:53,0.2,262.28879226915325,249.3841681824927,796.8962909699441,5512.779760466865,1163.7334615276575,47.94505276715763,23.859321775447587,764.1462913400968,1705.3372529721137,499.92103185258986,0.29315083041862383,RELAX
11:15:53,0.2,4050.97825017758,448.49438161427435,5575.905636803377,20457.593295693972,9386.809221718133,258.25275077758306,530.4831411015344,4061.5837247114396,7633.242891072301,3559.2822095771726,0.46628703689490125,RELAX
11:15:53,0.2,6446.392390905293,469.949261347561,1563.8948612114175,18834.797778253833,6400.435577973921,99.3602987412869,1753.0318095078528,6242.765354968553,6828.758572929526,3623.898260297903,0.5306818540435317,RELAX
11:15:53,0.2,25011.752746391205,551.8079367419741,1270.2502023047837,75860.01432739219,3098.1355375603925,58.16460621312763,185.22887693028773,39676.55419529404,25673.45630320754,10754.520803999461,0.41889649282071284,RELAX
11:15:54,0.2,16139.174926288415,57.092991987073965,3485.346221274833,47945.2820541898,6812.214300547622,80.31571428257804,355.9623723211573,7508.847287898246,16906.724048435033,3689.334918762401,0.2182170187549671,RELAX
11:15:54,0.2,2602.9577013570843,506.72379159152456,396.3109329336218,40897.17696673621,2210.57534809293,219.20487152044234,288.5282342405688,6318.768742950244,11100.79234815461,2259.269299201046,0.20352324666055266,RELAX
11:15:54,0.2,3713.2469760885824,412.8266811110712,1025.4510316644937,34592.08309427315,630.9845082825112,421.62746862627984,1352.670358192457,8651.135295972565,9935.901945784324,2764.1044077684533,0.27819360767154383,RELAX
11:15:54,0.2,5208.949945762809,3865.066911865222,4291.439317710476,51113.162933004765,1221.6429189531489,747.0406267798011,778.6517281614051,9913.975716458097,16119.654777085818,3165.327747588113,0.19636448741369106,RELAX
11:15:54,0.2,1203.2161959012674,479.4705661067402,1345.0891959795701,9880.189192552029,356.7051482110942,114.77634366601946,222.09475608726612,2131.020854011908,3226.9912876349017,706.1492754940718,0.2188259008321081,RELAX
11:15:55,0.2,767.4663364474249,153.37731275667576,1285.409205979041,45669.49860082245,638.8367638951034,99.01029830791133,593.5291877612893,8204.544529454966,11968.937864001398,2383.9801948548175,0.19918059747181413,RELAX
11:15:55,0.2,52210.51017896037,595.8942267539682,408.3747739379953,97324.72348682374,3198.351810550814,148.06472490740387,690.594229799333,6302.943045337389,37634.87566661902,2584.988452648735,0.06868598359530494,RELAX
11:15:55,0.2,45449.730364639094,196.33754138036943,10980.819910618555,166938.4622731859,1031.7942909373191,293.5223962638397,1417.5241734086915,30593.482264058537,55891.33752245598,8334.080781167097,0.14911220862836994,RELAX
11:15:55,0.2,11051.336432487014,701.0959059976702,65.7086609499932,42507.13366714107,3833.642699871804,167.19819933005343,349.1753322173565,17232.21018660971,13581.318666643936,5395.556604507231,0.39727781498558423,RELAX
11:15:56,0.2,2470.9873590146144,47.031042958359166,522.7118251127521,79952.88845339284,7427.042426062241,141.38271753532558,37.23510197590756,31254.848420667044,20748.404670119642,9715.127166560129,0.46823489906918747,RELAX
11:15:56,0.2,2550.9711160405595,2513.268820192191,1811.732937959089,36366.13583502008,1084.0541966009644,85.41278930916322,150.76716187651297,23259.61658071789,10810.52717730298,6144.962682126133,0.5684239613242602,RELAX
11:15:56,0.2,12777.950519637421,310.9488550866304,8360.80151568387,91829.2682166987,2304.699600997295,473.78663596343176,2406.716318952888,1371.548720611853,28319.742276776655,1639.187819131367,0.05788145256094254,RELAX
11:15:56,0.2,108023.79953468461,612.5111797135138,2572.996047856599,244423.92066880316,6057.12798141909,480.2068463570219,307.2875611214744,47596.43964296731,88908.30685776447,13610.265507966224,0.15308204586259785,RELAX
11:15:56,0.2,162354.03148832335,20962.683385655877,14248.763359578526,602085.4026424125,101777.94902968961,7389.932077720329,2712.0134830930315,65298.75089670477,199912.72021899256,44294.661371801936,0.22156999976429592,RELAX
11:15:57,0.2,4558336.525703445,521972.4667248398,1858987.872906594,1303204.969039509,1019187.9308806265,243387.96879538486,743450.2860392942,449146.7545470139,2060625.4585935972,613793.2350655799,0.2978674423854306,RELAX
11:15:57,0.2,0.0,399676.0721873705,2509090.693381424,2443388.242948537,0.0,1668256.1386123719,179362.90632203573,2649329.3525310056,1338038.752129333,1124237.0993663534,0.8402126601918373,BALANCED
11:15:57,0.2,413241.1929144003,4414490.813866489,663199.0989616257,1150703.9328363994,179472.39842730275,360428.5583921843,288564.2832790881,283994.73250662384,1660408.7596447284,278114.9931512998,0.1674979076903973,RELAX
11:15:57,0.2,0.0033709375367869878,36376.704688323596,16067.311514033814,0.07233738609698602,0.06228958682345312,48132.976014057516,11312.776985357994,0.07536643564866331,13111.02297767026,14861.472663859495,1.1335097718286722,BALANCED
11:15:57,0.2,224485.0803272463,225760.25139196258,249216.63803127856,1139828.833387743,212192.0878576473,48507.45965399957,260504.56530891042,410702.9740903282,459822.7007845576,232976.77172772138,0.5066665289256322,RELAX
11:15:58,0.2,2182775.323770271,1473162.993133928,658902.1546360116,1250242.005831121,197871.46966635584,106154.49336969119,232788.44671051193,319934.63176573935,1391270.6193428328,214187.2603780746,0.15395082552612663,RELAX
11:15:58,0.2,494287.7971845625,49397.22175138361,324133.514201314,0.2429388840996287,91401.95093514032,3384.694585483625,23597.188260145664,0.037656713033218644,216954.69401903602,29595.96785937066,0.13641542992738315,RELAX
11:15:58,0.2,2742.791532768294,1654.9798523978236,36313.146394424,763103.6941462358,2286.9588302445695,3890.068616282366,6590.433793465963,202278.5446977959,200953.6529814565,53761.5014844472,0.26753184471549857,RELAX
11:15:58,0.2,1354671.880877032,139568.7738846537,56877.20241052777,1077032.0016364618,220383.53061747493,84176.07587464609,70927.62550100371,369242.21424205013,657037.4647021687,186182.3615587937,0.28336643123263766,RELAX
11:15:58,0.2,135.2915613600102,2837.3671626737346,636767.5665701542,484973.85750897916,4249.197350461177,5028.341855082415,156351.4135620883,232238.04718339336,281178.52070079173,99466.74998775631,0.35374946044901157,RELAX
11:15:59,0.2,1085220.7841477497,15824.40180555989,248011.5121472769,139932.94722443583,636179.1733904782,8088.016874518445,46385.69852060894,342725.5604180167,372247.4113312556,258344.61230090557,0.694013187027941,RELAX
11:15:59,0.2,0.0027459345026070404,3511.9082169735107,7636.292497398362,0.025141386369889766,0.04509062194656164,2319.819612008517,1841.714024584513,0.023758616307810124,2787.057150423186,1040.4006214578212,0.3732971967581817,RELAX
11:15:59,0.2,3965.772771734525,4142.832870461829,57153.99753914469,29118.693404664158,1093.6892831212906,587.244666437473,15880.455323486538,13163.564607660997,23595.3241465013,7681.238470176575,0.3255407055433711,RELAX
11:15:59,0.2,1442.9530956106298,1484.2615564646187,16994.50633651967,331228.8220524544,1004.6003193290725,434.17552615634673,8756.965056109999,59579.9327786429,87787.63576026233,17443.918420059577,0.19870586864529372,RELAX
11:15:59,0.2,5966.799216888466,50.57540428327742,2360.963648254404,649975.3870848493,856.2599347719673,239.68838014489506,2510.282161395118,22023.121492589762,164588.43133856886,6407.337992225435,0.03892945537007479,RELAX
11:16:00,0.2,2752.2281059482725,256.0708968252747,39876.73439376068,125382.56717513058,2038.593949621811,620.1710055135551,4531.814203668273,17397.257033817074,42066.9001429162,6146.959048155179,0.1461234135929145,RELAX
11:16:00,0.2,10100.402864139847,1065.7814989636347,5607.181194760027,145373.13119756142,1488.9724647553132,65.53077170525444,1656.1048776026762,6970.326964814853,40536.624188856236,2545.2337697195244,0.06278849856518699,RELAX
11:16:00,0.2,2712.2909529685408,6743.998283553408,531.6408402636864,1957.2577492819303,616.5831298574992,1707.6863126859128,925.9287095793367,5750.165210161427,2986.2969565168914,2250.090840571044,0.7534718995914821,BALANCED
11:16:00,0.2,1271.7515505093622,498.0300837185548,3660.9803398322597,9373.169573895104,501.8153530295717,301.088205118229,1052.255728508643,6464.740453782993,3700.98288698882,2079.9749351098594,0.5620060936845241,RELAX
11:16:01,0.2,126.67536098207606,1120.9082102546788,1993.5731654291392,373.24678042201253,629.4700801449502,416.28737220964985,307.0550263803437,1005.1331567379087,903.6008792719765,589.4864088682131,0.6523747623432562,RELAX
11:16:01,0.2,103.7047368196812,1317.9841081606487,1509.0216599668859,13386.55953156508,440.9198789668811,138.09780993331916,274.7470856601996,2906.795450911133,4079.317509128074,940.1400563678832,0.23046503594392476,RELAX
11:16:01,0.2,296.17336324448826,363.87927478732666,8191.37440365793,4403.289544562215,416.89476701332313,558.9548078678291,611.9356354676389,676.7736936859061,3313.6791465629904,566.1397260086743,0.17084928895300106,RELAX
11:16:01,0.2,406.68890896489444,415.3242432697724,167.9081051713348,1153.4449656818706,171.0131458493538,211.5227107619618,253.74811402362374,1141.0081231188437,535.841555771968,444.3230234384458,0.8292059819778727,BALANCED
11:16:01,0.2,528.6370051946989,586.9627078092569,1484.8443682784398,1201.2626409722197,418.35684939102816,77.72176921049608,790.4883426180772,2141.557206797554,950.4266805636539,857.0310420042889,0.9017329369331505,BALANCED
11:16:02,0.2,52.12298966877411,449.5576034489619,543.9518312859957,158.85056233635356,595.6682088848896,56.37089950288601,725.8860420675381,805.2675095726094,301.1207466850213,545.7981650069808,1.8125558302294502,FOCUS
11:16:02,0.2,358.18074749633155,535.0673532466277,162.41820008909946,21.453293638180373,104.4153278763938,235.85052656527114,78.21279290591166,1035.9721703626747,269.27989861755975,363.6127044275628,1.3503150673120894,FOCUS
11:16:02,0.2,1835.4735630185025,2306.5097662364474,2472.9594091517406,3101.2583771194195,102.35781934713951,112.65299528499816,819.0329242058978,310.99438392640474,2429.0502788815274,336.25953069111006,0.13843251151060695,RELAX
11:16:02,0.2,102.328680888724,266.5296698483877,141.51703931897168,719.4425571739861,174.69301453126772,257.6417821503713,173.22524129393526,432.8604804570475,307.45448680751736,259.60512960815544,0.8443692993515554,BALANCED
11:16:02,0.2,261.2474293685315,268.8697180846037,328.82973862320296,3199.3170389130046,276.73867047345567,178.4128117675157,340.58051461075723,1093.9505453325821,1014.5659812473357,472.4206355460777,0.4656381588561353,RELAX
11:16:03,0.2,130.0586394381221,3799.988341240288,1968.8538210402664,1719.8838952216663,767.614140231677,131.4504617759946,373.8196636666955,823.7126417752241,1904.6961742350857,524.1492268623978,0.2751878404296648,RELAX
11:16:03,0.2,0.0860890068086929,514.5081776113235,109.93343207222146,833.7370637634796,415.80512337407237,21.969929627267533,75.37105444499262,1373.524135937847,364.5661906134583,471.66756084604486,1.293777571782963,FOCUS
11:16:03,0.2,1710.5240330757515,266.7256038289481,46.06527670745778,393.74321891584395,648.018302412605,119.27843289574291,199.02548101499193,4339.193363645752,604.2645331320003,1326.3788949922728,2.1950301933450196,FOCUS
11:16:03,0.2,1852.077250757799,220.14001750731043,413.0587140823377,24286.449299897376,744.5134734501157,95.85032852994827,205.78749647647717,4558.981193786857,6692.931320561206,1401.2831230608494,0.20936762323497907,RELAX
11:16:03,0.2,585.2807852759269,82.07590560964975,205.58824809439398,3329.543545903688,574.7700182645817,165.41362170936176,105.44143729885685,621.4456482519943,1050.6221212209148,366.76768138119866,0.34909571574124343,RELAX
11:16:04,0.2,69.36548188686977,18.503891876497292,742.309489607859,1412.5722851599373,162.26522705402192,95.42981693104257,82.0218539974248,439.34548662174376,560.6877871327908,194.76559615105828,0.3473690717378348,RELAX
11:16:04,0.2,2974.3669938789008,115.76580807558726,106.06611190595643,1254.1024877166187,283.90391843783004,65.96442385814537,143.62755325551134,1402.425022772619,1112.5753503942658,473.9802295810265,0.4260207898845333,RELAX
11:16:04,0.2,2487.4157455123527,476.3416465263282,481.7404550747177,5816.023185502984,365.5547492129055,88.53613153960119,183.93440281143725,603.4290487595672,2315.380258154096,310.3635830808778,0.1340443246796579,RELAX
11:16:04,0.2,358.0359736102587,345.4174529080648,345.426461205534,15193.855075241907,876.5600982826569,126.87030658158687,705.8426197665008,403.1139207936917,4060.683740741441,528.0967363561091,0.13005118597580903,RELAX
11:16:04,0.2,691.5387783440635,34.28707114662045,979.1637361638171,80121.76703660766,421.783663208827,131.83427667981346,207.28554480366813,55492.63103889802,20456.689155565542,14063.383630897582,0.6874711505831056,RELAX
11:16:05,0.2,451.07919593659943,92.38290804941937,845.0360257776972,473.19932312088144,341.76637004497707,110.0933274904291,55.404298477819964,784.3868339459696,465.42436322114935,322.9127074897989,0.693802759389209,RELAX
11:16:05,0.2,140.753511058486,87.53910184651319,43.40657621970883,213.51222332701698,99.5918407952628,40.34848699159753,140.7840857412184,241.8770262374203,121.30285311293125,130.65035994137475,1.0770592495441234,BALANCED
11:16:05,0.2,2099.894783728248,483.365478171935,104.89696521787869,96409.08227918376,562.5685270052012,127.10155828140633,69.12072050453924,6498.869725807653,24774.309876575455,1814.4151328997,0.07323776694241083,RELAX
11:16:05,0.2,1224.8669608242185,895.4345627830994,589.9317829601707,442.6809450004697,918.8601553716594,223.51960657421623,78.46348607735443,2519.820903194759,788.2285628919896,935.1660378044973,1.1864148063518505,BALANCED
11:16:05,0.2,49.41475395292562,40.048478890775144,411.6987052740604,2026.174035898925,264.1397976852884,75.47617164239163,1393.4145403072796,261.2447475395598,631.8339935041715,498.5688142936298,0.7890819731438494,BALANCED
11:16:06,0.2,2698.2872520506503,926.9178589757614,95.78623444928964,7192.178979746893,445.1160985385338,172.88940777724062,170.17237900032595,2755.0829719973704,2728.2925813056486,885.8152143283677,0.32467749991258377,RELAX
11:16:06,0.2,2450.5811866552913,655.7189819788149,1457.9495239217383,8005.445866588983,354.4582131222027,304.2782701237539,502.73527961528043,7858.860471062696,3142.423889786207,2255.0830584809833,0.717625354685808,BALANCED
11:16:06,0.2,6769.162641964919,747.1830964477093,343.90240755820383,339082.3509808228,1272.9305963986421,62.76647233517037,118.09506043531924,13161.45916842664,86735.6497816984,3653.812824398943,0.04212584829415682,RELAX
11:16:06,0.2,5764.993251990888,34.07108591054011,4008.067706198946,20364.528644549144,1866.9921492782632,92.3508868667292,620.697000681044,63121.51537044463,7542.915172162379,16425.388851817665,2.177591617686042,FOCUS
11:16:07,0.2,85.2157801904957,234.03951985830068,708.8113388821299,7891.723545378416,318.6560031899803,48.31429542167813,27.4045737136442,3504.037021920802,2229.9475460773356,974.6029735615261,0.4370519724896374,RELAX
11:16:07,0.2,1376.423962663867,84.37618315167127,117.4607892205429,59157.52711298783,1012.0818272052926,98.62404138896592,132.1523278075106,5514.662070572417,15183.947012005978,1689.3800667435466,0.1112609300735672,RELAX
11:16:07,0.2,11389.73042511639,338.17907103831925,3142.2819733519864,4814.51103170807,5609.512008430379,145.90402059446606,619.6779335326669,1270.541079833564,4921.175625303691,1911.408760597769,0.38840490690267004,RELAX
11:16:07,0.2,5720.281461015723,2.127609256688005,3832.3992275732,203785.95876024623,482.3189080442623,122.20609819747189,400.34695099635627,42165.452493528166,53335.19176452296,10792.581112691565,0.20235384472490975,RELAX
11:16:07,0.2,305.0238840816226,257.14010339262995,91.52493610558409,5345.047808595399,230.7058753745513,170.05208821075166,85.90720697613106,1143.3269062190345,1499.6841830438088,407.49801919511714,0.27172255585709093,RELAX
11:16:08,0.2,380.8826548092768,559.1642816750391,299.0993485223282,695.8800589098443,608.104171723733,323.810185987036,244.61778189028794,2635.331599884469,483.75658597912206,952.9659348713815,1.9699286014733648,FOCUS
11:16:08,0.2,247.8239027757022,1294.0677537886456,4411.409182548742,6308.757708208036,1162.3616190225632,620.8230399029446,1617.8639724878012,8340.516865833793,3065.5146368302812,2935.3913743117755,0.9575525554648624,BALANCED
11:16:08,0.2,1355.551949042434,1299.185308145624,6463.567585465139,3727.817796743136,856.7288298016916,184.67499398318776,1209.3063592304832,486.734198602582,3211.5306598490833,684.3610954044862,0.2130949904855169,RELAX
11:16:08,0.2,5039.585314212153,792.1132328086204,1411.5693878785708,281283.790932841,449.8200846496773,439.5654469865351,194.59801553595335,3715.070595625051,72131.7647169351,1199.7635356993042,0.016632943064785764,RELAX
11:16:08,0.2,525.8979237140935,435.6852597763985,65.77528500294507,42174.31941840837,1041.3052921295816,135.26742011705696,218.1915971118176,18233.904163593284,10800.419471725452,4907.167118237935,0.454349678832796,RELAX
11:16:09,0.2,7605.934495572793,180.45537509953746,1423.9893794854454,3822758.291268227,1511.9055083332578,289.56305635997154,385.52543590816293,503627.5442086809,957992.1676295962,126453.63455232058,0.13199861003583213,RELAX
11:16:09,0.2,672.3377136731864,81.37388801048611,3816.555277359113,368627.80022660905,409.95529404853573,571.8980585202154,576.1688242300901,339833.28913906455,93299.51677641296,85347.82782896585,0.9147724530395706,BALANCED
11:16:09,0.2,1164.2932590048679,2006.0060467434676,2815.6667990409233,824479.4501510083,624.2006539147773,183.87974036328123,2150.3442909657674,518995.0909672978,207616.3540639494,130488.3789131354,0.628507226713666,RELAX
11:16:09,0.2,2466.017018642335,454.8948346142578,10762.925370483921,96485.04507662107,976.1027371977453,46.08236582091677,4046.3252529746787,119202.21185836811,27542.220575090396,31067.680553590362,1.128002023979448,BALANCED
11:16:09,0.2,5645.790670912575,421.69961436584686,13750.893907697488,196971.54222601725,722.1333475371613,246.3136627521667,3183.7284484732154,231564.0301446338,54197.48160474829,58929.051400849086,1.0873023922145906,BALANCED
11:16:10,0.2,13666.402848971584,192.99799303842556,9189.931276869655,1308085.0443888265,4091.201395793481,378.6994962034132,1003.7033428077785,59200.340552715155,332783.59412692656,16168.486196879958,0.0485855867964247,RELAX
11:16:10,0.2,1694.6722477021617,136.65986166559395,427.2335931277228,267129.12045486446,481.586444786183,167.5757803439684,621.4772790660923,15813.774505718247,67346.92153933998,4271.103502478622,0.0634194318738638,RELAX
11:16:10,0.2,5389.561245996318,274.32393094514134,76.06752664542128,111191.29540425634,1076.8817399773868,181.50848369598546,344.4348246975158,5356.378746346335,29232.812026960804,1739.8009486793057,0.05951534690110292,RELAX
11:16:10,0.2,191.6261605653092,215.99791197413876,1688.9344193447996,2019.711971476843,612.5958848820572,356.0259107102917,552.396110181612,26982.78748946403,1029.0676158402728,7125.951348809498,6.924667766355555,FOCUS
11:16:10,0.2,6711.891324132311,2753.035105636674,400.600997776634,7495.985801258304,1685.2940103955361,524.5599799483709,231.83424596360263,1558.9607607692712,4340.37830720098,1000.1622492691952,0.23043204496941166,RELAX
11:16:11,0.2,4081.9334068537005,276.00803335178193,684.1924488578713,111511.35319739478,3046.316723569213,792.695136738052,448.08889243265884,38347.581222816356,29138.371771614533,10658.67049388907,0.36579499285105327,RELAX
11:16:11,0.2,4810.469629672897,613.4112866550171,185.03287444500978,6513.319672609394,809.5342919647413,282.2664866919658,432.139208783733,15828.069929465522,3030.5583658455794,4338.00247922649,1.4314202056346508,FOCUS
11:16:11,0.2,21150.366216635317,1769.1287943490274,1104.9713090953883,97998.29985657858,5035.116040921329,318.0201913110971,369.9903525229268,6947.739285663981,30505.69154416458,3167.7164676048333,0.1038401789062469,RELAX
11:16:11,0.2,1040.0621783931035,2963.0812547792893,72.86531856690806,31967.126201374693,491.6480705991301,277.11498244591763,274.6293786177153,12264.537594690706,9010.783738278498,3326.9825065883674,0.36922232329859295,RELAX
11:16:11,0.2,19076.766716111582,940.3917597568183,2848.4440492236254,74043.1472613922,2967.9119938871213,670.3907146699422,2173.4437265985875,37401.48718645553,24227.187446621054,10803.308405402795,0.44591673834221823,RELAX
11:16:12,0.2,35633.73399725439,97.80697642662676,345.9054515440341,84982.97090604364,553.5112081016451,243.65662251126602,753.4928721050741,26077.14711294114,30265.104332817173,6906.951953914781,0.22821503861215536,RELAX
11:16:12,0.2,14568.478410185231,1070.2554728417822,379.668473643225,275033.02989041357,4432.074664744407,253.96681086765088,225.27319387103788,16826.33476940484,72762.85806177095,5434.412359721983,0.07468662590340416,RELAX
11:16:12,0.2,1275.2057476137802,266.14092232038473,797.475385312559,51656.302463175285,2002.3510535389833,90.45398125322559,325.23671665810537,40567.776378255905,13498.781129605502,10746.454532426555,0.7961055468080337,BALANCED
11:16:12,0.2,59351.95880048157,2298.3456342312165,16898.65130135611,34433.29126617961,4978.580976496515,1606.7140237226815,2234.7666701458324,21509.186517477487,28245.561750562127,7582.312046960629,0.26844260043118917,RELAX
11:16:13,0.2,10275.291776494176,3395.528743729891,3513.6514465452387,45024.19724432767,2009.3344018598955,625.1139494343175,1167.144580883979,14088.138282185568,15552.167302774244,4472.43280359094,0.28757617613804437,RELAX
11:16:13,0.2,985.3045602020189,1339.8494101900803,115.9729763011834,3308.256632058423,12006.948442182564,84.64676784892298,458.49807572624394,73063.77916513318,1437.3458946879264,21403.468112722727,14.890965488421841,FOCUS
11:16:13,0.2,28629.9753052493,73408.95188657544,4637.191710339961,63640.80886530977,2472.392455613891,18392.092720345714,926.3910444232278,11307.448092178229,42579.23194186862,8274.581078140265,0.19433373268538884,RELAX
11:16:13,0.2,2121.5586508983324,6997.047758603656,1445.1415634869697,42341.60014274153,3770.850561610588,1658.5492215081947,656.1408353932849,12971.32729388118,13226.337028932623,4764.216978098312,0.3602068333565509,RELAX
11:16:13,0.2,4881.601829775942,8467.06162411337,2266.028076004304,37862.1669190491,1747.8037734895113,1779.9521428829494,584.0561893120033,14448.159764618695,13369.214612235679,4639.992967575789,0.34706548605549403,RELAX
11:16:14,0.2,3113.007189113266,3218.670224148306,617.2149600777068,119890.99383136525,1464.7321800755929,485.1499965538895,292.6343063442213,4681.306660907735,31709.97155117613,1730.9557859703596,0.054587112548391985,RELAX
11:16:14,0.2,8515.200918615099,2875.351230466672,4703.23604326432,46909.14608171701,4157.528845242613,932.0575433931926,705.395467403949,8344.132555091754,15750.733568515774,3534.778602782877,0.22441993494503423,RELAX
11:16:14,0.2,499670.60493286955,2718.819321786331,2656.196711422311,66572.75759474385,16580.73892875579,374.51687046607543,518.1129318395058,21146.93849884684,142904.5946402055,9655.076807477053,0.06756309572680909,RELAX
11:16:14,0.2,39885.56819112928,5377.166752351639,6263.514678292521,701237.9281312004,7709.298759518245,309.9570577687421,161.27762337897354,25217.287249279176,188191.04443824347,8349.455172486283,0.04436691021833523,RELAX
11:16:14,0.2,29293.687485730014,1277.712466737895,1701.0966397444179,24514.142360834285,769.2410800484599,27.511977667468102,268.2303526703861,21131.5004342003,14196.659738261653,5549.120961146654,0.39087511171315364,RELAX
11:16:15,0.2,12223.049783579101,194.9867480045742,532.4185363230079,27368.54318838255,1919.4152693371207,368.38559033527,770.098614534134,6540.590375303941,10079.749564072308,2399.6224623776166,0.23806369861912996,RELAX
11:16:15,0.2,2679.4137327612816,5160.181062157657,1023.619876708822,57071.40642110252,1200.859177874929,443.5292703094219,145.44190565653793,11140.58321483156,16483.65527318257,3232.6033921681124,0.1961096212335421,RELAX
11:16:15,0.2,1703.521322865471,600.5237986634631,454.7741447923436,2560.8612439290073,534.5932317937924,210.06001257273797,697.6830203076274,4064.564488523288,1329.9201275625712,1376.7251882993614,1.0351938885401883,BALANCED
11:16:15,0.2,143.81814038179937,393.88605781396046,908.1103495292178,13717.943416592898,236.321205098968,88.53609599976886,262.7554623258481,1329.446941813019,3790.939491079469,479.264926309401,0.12642378688374434,RELAX
